ID,HCmut,LCmut,aa_mut_total,deltaKd_additive_foldchange,deltaKd_additive,octet_Kd_foldchange_avg,kd ,kon,kdis,R^2
#26 Fab4,"K49R, Y58F",A40G,3,7.462081705,0.87286,6.364275668,2.84E-09,126300,0.0003592,0.9993
A40G,GL,A40G,1,7.172325652,0.85566,6.952912266,4.21E-09,90900,0.000383,0.9997
A40V,GL,A40V,1,0.19320128,-0.71399,0.642592593,0.000000054,142000,0.00767,0.9746
"A40V, N108D",GL,"A40V, N108D",2,0.031421723,-1.50277,0.376933896,7.11E-08,111000,0.00792,0.9266
D28A,D28A,GL,1,6.835810266,0.83479,5.774278215,3.81E-09,225000,0.000858,0.9944
EH1,"D28A, K44R, S64G","A40G, Y42F, A52S, Q105H, N108Y",8,2558.998315,3.40807,308.1924577,7.69E-11,933000,0.0000717,0.9919
EH2,"D28A, K49R, S64G","A40G, Y42F, A52S, Q105H, N108Y",8,2154.269337,3.3333,383.4951456,6.18E-11,1030000,0.0000634,0.9947
EH3,"D28A, K44R, K49R, S64G","A40G, Y42F, A52S, Q105H, N108Y",9,2499.769702,3.3979,361.2804878,6.56E-11,1050000,0.000069,0.99
GL,GL,GL,0,1,0,1,0.000000026,86700,0.00226,0.99
K44R,K44R,GL,1,1.160379373,0.0646,0.986547085,2.23E-08,152000,0.0034,0.995
K49R,K49R,GL,1,0.976854767,-0.01017,1.018518519,2.16E-08,153000,0.00331,0.9941
m1-1,GL,Y42F,1,0.975303988,-0.01086,0.883084383,2.27E-08,180000,0.00408,0.9635
m14,GL,"A40G, Y42F, Q105H, N108Y",4,64.20812679,1.80759,47.35883424,5.49E-10,216000,0.000119,0.9905
m15-6,GL,A52S,1,5.10434476,0.70794,5.464007978,6.25E-09,223000,0.00139,0.9983
m17,GL,Y55F,1,0.626267681,-0.20324,1.719856532,1.44E-08,116000,0.00168,0.9887
m20,GL,"A40G, A52S, Y55F",3,22.9276741,1.36036,12.14765101,1.49E-09,221000,0.0003293,0.9989
m21,GL,A40G Y42F A52S Y55H S69N Q105H N108Y L112I,8,412.62924,2.61556,0.216584899,8.36E-08,244700,0.02045,0.9846
m22-5,GL,"A40G, Y42F, A52S, N108Y",4,214.9859112,2.33241,60.61875582,3.22E-10,366000,0.000118,0.9852
m23-5,GL,"A40G, Y42F, A52S, Q105H, N108Y",5,327.7404155,2.51553,74.33417438,2.61E-10,331000,0.0000866,0.9851
m24-3,GL,"A40G, Y42F, A52S, N108S",4,172.4527007,2.23667,56.92650429,4.04E-10,429000,0.000173,0.9884
m25-1,GL,"A40G, Y42F, A52S, Q105H, N108S",5,262.8996452,2.41979,64.83790524,4.01E-10,288000,0.000116,0.9911
m26-1,GL,N108S,1,4.829809484,0.68393,2.123495607,1.49E-08,83500,0.00124,0.9813
m3-1,GL,Q105H,1,1.524473923,0.18312,2.476936459,1.33E-08,100000,0.00133,0.9985
m5,GL,N108Y,1,6.021019032,0.77967,2.346079067,7.72E-09,118200,0.0009115,0.994
m7,GL,Q105H N108Y,2,9.178886506,0.96279,5.663329161,3.20E-09,129000,0.0004124,0.9998
N108D,GL,N108D,1,0.162637242,-0.78878,0.593162393,5.85E-08,137000,0.00803,0.9963
RH,K49R,"A40G, Y42F, A52S, N108S",5,168.4612427,2.2265,84.64285714,2.80E-10,724000,0.000203,0.9918
S64G,S64G,GL,1,0.98435103,-0.00685,1,0.000000022,140000,0.00309,0.9943