"","x"
"AAAAA",0.000595812240245788
"AAAAC",0.000864524562514609
"AAAAG",0.00041842926552517
"AAAAT",0.000588377714206923
"AAAAN",0.000616785945623122
"AAACA",0.000524422084900915
"AAACC",0.00076114117167299
"AAACG",0.000715206642752482
"AAACT",0.000622205818040516
"AAACN",0.000655743929341726
"AAAGA",0.000711012428095504
"AAAGC",0.00018623225981276
"AAAGG",0.000338548199214003
"AAAGT",0.000557462609886641
"AAAGN",0.000448313874252227
"AAATA",0.000939458250274764
"AAATC",0.000904705588386423
"AAATG",0.000802587879645828
"AAATT",0.000734607870880861
"AAATN",0.000845339897296969
"AAANA",0.000692676250879243
"AAANC",0.000679150895596695
"AAANG",0.00056869299678437
"AAANT",0.000625663503253735
"AAANN",0.000641545911628511
"AACAA",0.00196030592296875
"AACAC",0.00191416165661433
"AACAG",0.00244425870815954
"AACAT",0.00103316574012641
"AACAN",0.00183797300696726
"AACCA",0.00174741693226296
"AACCC",0.00353683084851331
"AACCG",0.00210056557929878
"AACCT",0.00156527613597
"AACCN",0.00223752237401126
"AACGA",0.00265766104111016
"AACGC",0.00032934723766736
"AACGG",0.00274478788638514
"AACGT",0.00280950762298447
"AACGN",0.00213532594703678
"AACTA",0.00434989420284567
"AACTC",0.00450348359305268
"AACTG",0.00272865116314423
"AACTT",0.00409255594511213
"AACTN",0.00391864622603868
"AACNA",0.00267881952479688
"AACNC",0.00257095583396192
"AACNG",0.00250456583424692
"AACNT",0.00237512636104825
"AACNN",0.00253236688851349
"AAGAA",0.00163818918834518
"AAGAC",0.000396973654820475
"AAGAG",0.000401102582490659
"AAGAT",0.00174929514407987
"AAGAN",0.00104639014243405
"AAGCA",0.00746812530244826
"AAGCC",0.000595754706791584
"AAGCG",0.000772428946481996
"AAGCT",0.00843923122303969
"AAGCN",0.00431888504469038
"AAGGA",0.00214264721047601
"AAGGC",0.000162307399641288
"AAGGG",0.000192721297804795
"AAGGT",0.000501634065177911
"AAGGN",0.000749827493275002
"AAGTA",0.00601800474467006
"AAGTC",0.000517361727216662
"AAGTG",0.00243685712057075
"AAGTT",0.00614268069181006
"AAGTN",0.00377872607106688
"AAGNA",0.00431674161148488
"AAGNC",0.000418099372117503
"AAGNG",0.000950777486837051
"AAGNT",0.00420821028102688
"AAGNN",0.00247345718786658
"AATAA",0.000400468027624802
"AATAC",0.000422854944039644
"AATAG",0.000233743619460471
"AATAT",0.00164330553119535
"AATAN",0.000675093030580066
"AATCA",0.000325336627542474
"AATCC",0.000273378657941512
"AATCG",0.000255494490725952
"AATCT",0.000197933469271553
"AATCN",0.000263035811370373
"AATGA",0.000320037376857913
"AATGC",0.000498923121018306
"AATGG",0.000507889605781638
"AATGT",0.000161784706555573
"AATGN",0.000372158702553357
"AATTA",0.000491983392392683
"AATTC",0.00057938105333144
"AATTG",0.000513313680543149
"AATTT",0.00012437733879548
"AATTN",0.000427263866265688
"AATNA",0.000384456356104468
"AATNC",0.000443634444082726
"AATNG",0.000377610349127803
"AATNT",0.000531850261454488
"AATNN",0.000434387852692371
"AANAA",NA
"AANAC",NA
"AANAG",NA
"AANAT",NA
"AANAN",NA
"AANCA",NA
"AANCC",NA
"AANCG",NA
"AANCT",NA
"AANCN",NA
"AANGA",NA
"AANGC",NA
"AANGG",NA
"AANGT",NA
"AANGN",NA
"AANTA",NA
"AANTC",NA
"AANTG",NA
"AANTT",NA
"AANTN",NA
"AANNA",NA
"AANNC",NA
"AANNG",NA
"AANNT",NA
"AANNN",NA
"ACAAA",0.000241023534426514
"ACAAC",0.000220368130777626
"ACAAG",0.000523468571861858
"ACAAT",0.000177330507204218
"ACAAN",0.000290547686067554
"ACACA",0.000302077164322582
"ACACC",0.000648650303145337
"ACACG",0.00027933371900424
"ACACT",0.000241052308315052
"ACACN",0.000367778373696803
"ACAGA",0.000180260861096906
"ACAGC",0.000190777984436449
"ACAGG",0.000123112491692786
"ACAGT",0.000298779233363125
"ACAGN",0.000198232642647316
"ACATA",0.00027193871309461
"ACATC",0.000581830590929265
"ACATG",0.000503572078891495
"ACATT",0.000492713364485917
"ACATN",0.000462513686850322
"ACANA",0.000248825068235153
"ACANC",0.000410406752322169
"ACANG",0.000357371715362595
"ACANT",0.000302468853342078
"ACANN",0.000329768097315499
"ACCAA",0.00110489223917615
"ACCAC",0.000527513372371429
"ACCAG",0.000960291166249567
"ACCAT",0.000433268317754289
"ACCAN",0.000756491273887858
"ACCCA",0.000222051522289306
"ACCCC",0.000705676665367053
"ACCCG",0.000520955687411716
"ACCCT",0.000151974876518369
"ACCCN",0.000400164687896611
"ACCGA",0.000482186701012588
"ACCGC",0.000625252304457742
"ACCGG",0.000597060867073574
"ACCGT",0.000539553766317027
"ACCGN",0.000561013409715233
"ACCTA",0.000986064324780886
"ACCTC",0.000806670174180896
"ACCTG",0.000530087791436308
"ACCTT",0.000717684814503089
"ACCTN",0.000760126776225295
"ACCNA",0.000698798696814732
"ACCNC",0.00066627812909428
"ACCNG",0.000652098878042791
"ACCNT",0.000460620443773193
"ACCNN",0.000619449036931249
"ACGAA",0.000448349480077617
"ACGAC",0.000393408682038145
"ACGAG",0.000608344198176445
"ACGAT",0.00142918679434518
"ACGAN",0.000719822288659348
"ACGCA",0.0042292450325563
"ACGCC",0.00122178489355117
"ACGCG",0.00203769989622108
"ACGCT",0.00132013306286466
"ACGCN",0.0022022157212983
"ACGGA",0.000399043961968832
"ACGGC",0.000232657934752817
"ACGGG",0.000221631162717311
"ACGGT",0.00088847566390837
"ACGGN",0.000435452180836833
"ACGTA",0.00498052012793489
"ACGTC",0.000516615895151095
"ACGTG",0.00184720164918476
"ACGTT",0.00505955342341416
"ACGTN",0.00310097277392123
"ACGNA",0.00251428965063441
"ACGNC",0.000591116851373308
"ACGNG",0.0011787192265749
"ACGNT",0.00217433723613309
"ACGNN",0.00161461574117893
"ACTAA",0.000164782177494064
"ACTAC",0.00055054787297399
"ACTAG",0.000306226244390696
"ACTAT",0.000468906254372534
"ACTAN",0.000372615637307821
"ACTCA",9.89386124177605e-05
"ACTCC",0.000234697040743675
"ACTCG",0.000224719934954893
"ACTCT",0.000236216001589746
"ACTCN",0.000198642897426519
"ACTGA",0.000103238939590324
"ACTGC",0.000251042867724124
"ACTGG",0.00015535981460311
"ACTGT",0.000106374955856969
"ACTGN",0.000154004144443632
"ACTTA",0.000263577131841348
"ACTTC",0.000308939957551599
"ACTTG",0.000290356235267831
"ACTTT",0.000352303379892619
"ACTTN",0.000303794176138349
"ACTNA",0.000157634215335874
"ACTNC",0.000336306934748347
"ACTNG",0.000244165557304133
"ACTNT",0.000290950147927967
"ACTNN",0.00025726421382908
"ACNAA",NA
"ACNAC",NA
"ACNAG",NA
"ACNAT",NA
"ACNAN",NA
"ACNCA",NA
"ACNCC",NA
"ACNCG",NA
"ACNCT",NA
"ACNCN",NA
"ACNGA",NA
"ACNGC",NA
"ACNGG",NA
"ACNGT",NA
"ACNGN",NA
"ACNTA",NA
"ACNTC",NA
"ACNTG",NA
"ACNTT",NA
"ACNTN",NA
"ACNNA",NA
"ACNNC",NA
"ACNNG",NA
"ACNNT",NA
"ACNNN",NA
"AGAAA",0.000189463605362175
"AGAAC",0.000468722555470361
"AGAAG",0.000300886846758497
"AGAAT",0.000127938969601741
"AGAAN",0.000271752994298193
"AGACA",0.000206332111790961
"AGACC",0.000137568430049968
"AGACG",0.00032168135039677
"AGACT",0.00027480962207622
"AGACN",0.00023509787857848
"AGAGA",0.000296570464272089
"AGAGC",0.000297360597083065
"AGAGG",0.000173890425857953
"AGAGT",0.000174714487843303
"AGAGN",0.000235633993764103
"AGATA",0.00032867123302224
"AGATC",0.000609800479746977
"AGATG",0.000436717234953931
"AGATT",0.000301802745274804
"AGATN",0.000419247923249488
"AGANA",0.000255259353611866
"AGANC",0.000378363015587593
"AGANG",0.000308293964491788
"AGANT",0.000219816456199017
"AGANN",0.000290433197472566
"AGCAA",0.00227580328121177
"AGCAC",0.00329509393835034
"AGCAG",0.00208846343541609
"AGCAT",0.00182150320603888
"AGCAN",0.00237021596525427
"AGCCA",0.00221182657668752
"AGCCC",0.00305524863299138
"AGCCG",0.000922672120986239
"AGCCT",0.00239527188730432
"AGCCN",0.00214625480449236
"AGCGA",0.00320167041030375
"AGCGC",0.000678608111301063
"AGCGG",0.00377841218489158
"AGCGT",0.000992764037416369
"AGCGN",0.00216286368597819
"AGCTA",0.00602173857691242
"AGCTC",0.00690389080039007
"AGCTG",0.0028842986817068
"AGCTT",0.0053021692122373
"AGCTN",0.00527802431781165
"AGCNA",0.00342775971127886
"AGCNC",0.00348321037075821
"AGCNG",0.00241846160575018
"AGCNT",0.00262792708574922
"AGCNN",0.00298933969338412
"AGGAA",0.000290546209037864
"AGGAC",0.0002845300363472
"AGGAG",0.000228120417308136
"AGGAT",0.000778959951413339
"AGGAN",0.000395539153526635
"AGGCA",0.00243599785301449
"AGGCC",0.000288274527892444
"AGGCG",0.000685850168957958
"AGGCT",0.0021207997468012
"AGGCN",0.00138273057416652
"AGGGA",0.000220170353970466
"AGGGC",0.00016216692930625
"AGGGG",0.000145632799447711
"AGGGT",0.000540636436529579
"AGGGN",0.000267151629813502
"AGGTA",0.00386346613981573
"AGGTC",0.00029751177990822
"AGGTG",0.00217782755993081
"AGGTT",0.00127717777952056
"AGGTN",0.00190399581479383
"AGGNA",0.00170254513895964
"AGGNC",0.000258120818363529
"AGGNG",0.000809357736411155
"AGGNT",0.00117939347856617
"AGGNN",0.000987354293075123
"AGTAA",0.000397643261856854
"AGTAC",0.00040969348685654
"AGTAG",0.000236214625685432
"AGTAT",0.000567703442427663
"AGTAN",0.000402813704206623
"AGTCA",0.000220429677187427
"AGTCC",0.000365357569325036
"AGTCG",0.000157122915270259
"AGTCT",0.000230662631595762
"AGTCN",0.000243393198344621
"AGTGA",0.000291419036296123
"AGTGC",0.000454450452339088
"AGTGG",0.000225774906145835
"AGTGT",0.000108892468645507
"AGTGN",0.000270134215856638
"AGTTA",0.000204869907884935
"AGTTC",0.000609353295921764
"AGTTG",0.000265795217261358
"AGTTT",0.00031983066524469
"AGTTN",0.000349962271578187
"AGTNA",0.000278590470806335
"AGTNC",0.000459713701110607
"AGTNG",0.000221226916090721
"AGTNT",0.000306772301978406
"AGTNN",0.000316575847496517
"AGNAA",NA
"AGNAC",NA
"AGNAG",NA
"AGNAT",NA
"AGNAN",NA
"AGNCA",NA
"AGNCC",NA
"AGNCG",NA
"AGNCT",NA
"AGNCN",NA
"AGNGA",NA
"AGNGC",NA
"AGNGG",NA
"AGNGT",NA
"AGNGN",NA
"AGNTA",NA
"AGNTC",NA
"AGNTG",NA
"AGNTT",NA
"AGNTN",NA
"AGNNA",NA
"AGNNC",NA
"AGNNG",NA
"AGNNT",NA
"AGNNN",NA
"ATAAA",0.000866787232785799
"ATAAC",0.00226329642879423
"ATAAG",0.00113053948000558
"ATAAT",0.00104167764027551
"ATAAN",0.00132557519546528
"ATACA",0.00109062939532756
"ATACC",0.000876343786627217
"ATACG",0.00136393053308027
"ATACT",0.00101698828095152
"ATACN",0.00108697299899664
"ATAGA",0.00144851911568032
"ATAGC",0.000830907149859846
"ATAGG",0.00146723479087786
"ATAGT",0.00069790062719687
"ATAGN",0.00111114042090372
"ATATA",0.00139619737374086
"ATATC",0.00229929716786362
"ATATG",0.00263838090837395
"ATATT",0.00208999184107175
"ATATN",0.00210596682276254
"ATANA",0.00120053327938363
"ATANC",0.00156746113328623
"ATANG",0.00165002142808442
"ATANT",0.00121163959737391
"ATANN",0.00140741385953205
"ATCAA",0.000819450206032256
"ATCAC",0.000904612709704534
"ATCAG",0.000823976447904366
"ATCAT",0.000294526610614028
"ATCAN",0.000710641493563796
"ATCCA",0.000850541646297418
"ATCCC",0.000985281726174329
"ATCCG",0.00104035305893405
"ATCCT",0.000304604102979393
"ATCCN",0.000795195133596297
"ATCGA",0.000978550960999457
"ATCGC",0.000271232873759512
"ATCGG",0.000247590705016442
"ATCGT",0.000859576716906114
"ATCGN",0.000589237814170381
"ATCTA",0.00143625231416488
"ATCTC",0.002660072225313
"ATCTG",0.000778233050327955
"ATCTT",0.00107710081497805
"ATCTN",0.00148791460119597
"ATCNA",0.0010211987818735
"ATCNC",0.00120529988373784
"ATCNG",0.000722538315545702
"ATCNT",0.000633952061369395
"ATCNN",0.000895747260631611
"ATGAA",0.00144257193020811
"ATGAC",0.000150715915851318
"ATGAG",0.000511548498845839
"ATGAT",0.000579972287450666
"ATGAN",0.000671202158088984
"ATGCA",0.00419013770338974
"ATGCC",0.00106319767832181
"ATGCG",0.00203769989622108
"ATGCT",0.00237353043204059
"ATGCN",0.0024161414274933
"ATGGA",0.000781925499574164
"ATGGC",2.45802586477305e-05
"ATGGG",0.000443442110070281
"ATGGT",0.000599986042751107
"ATGGN",0.000462483477760821
"ATGTA",0.00334707097338974
"ATGTC",0.000119457589453492
"ATGTG",0.000522979230653262
"ATGTT",0.00266423757809017
"ATGTN",0.00166343634289666
"ATGNA",0.00244042652664044
"ATGNC",0.000339487860568587
"ATGNG",0.000878917433947616
"ATGNT",0.00155443158508313
"ATGNN",0.00130331585155994
"ATTAA",0.000714209414372903
"ATTAC",0.000765415070973129
"ATTAG",0.000734131595657209
"ATTAT",0.000967217880588923
"ATTAN",0.000795243490398041
"ATTCA",0.000327240095712675
"ATTCC",0.000487499834048438
"ATTCG",0.000169814975204019
"ATTCT",0.000406952853530635
"ATTCN",0.000347876939623942
"ATTGA",0.000169691434419727
"ATTGC",7.21445705863883e-05
"ATTGG",0.000133219289757561
"ATTGT",0.000147341412523794
"ATTGN",0.000130599176821867
"ATTTA",0.000254420156911546
"ATTTC",0.000347442638987652
"ATTTG",0.00063347158914941
"ATTTT",0.00032672284589053
"ATTTN",0.000390514307734785
"ATTNA",0.000366390275354213
"ATTNC",0.000418125528648902
"ATTNG",0.00041765936244205
"ATTNT",0.00046205874813347
"ATTNN",0.000416058478644659
"ATNAA",NA
"ATNAC",NA
"ATNAG",NA
"ATNAT",NA
"ATNAN",NA
"ATNCA",NA
"ATNCC",NA
"ATNCG",NA
"ATNCT",NA
"ATNCN",NA
"ATNGA",NA
"ATNGC",NA
"ATNGG",NA
"ATNGT",NA
"ATNGN",NA
"ATNTA",NA
"ATNTC",NA
"ATNTG",NA
"ATNTT",NA
"ATNTN",NA
"ATNNA",NA
"ATNNC",NA
"ATNNG",NA
"ATNNT",NA
"ATNNN",NA
"ANAAA",0.000473271653205069
"ANAAC",0.000954227919389206
"ANAAG",0.000593331041037777
"ANAAT",0.000483831207822098
"ANAAN",0.000626165455363538
"ANACA",0.000530865189085504
"ANACC",0.000605925922873878
"ANACG",0.00067003806130844
"ANACT",0.000538764007345827
"ANACN",0.000586398295153412
"ANAGA",0.000659090717286204
"ANAGC",0.00037631949779803
"ANAGG",0.000525696476910652
"ANAGT",0.000432214239572485
"ANAGN",0.000498330232891843
"ANATA",0.000734066392533118
"ANATC",0.00109890845673157
"ANATG",0.0010953145254663
"ANATT",0.000904778955428333
"ANATN",0.000958267082539831
"ANANA",0.000599323488027474
"ANANC",0.000758845449198171
"ANANG",0.000721095026180793
"ANANT",0.000589897102542186
"ANANN",0.000667290266487156
"ANCAA",0.00154011291234723
"ANCAC",0.00166034541926016
"ANCAG",0.00157924743943239
"ANCAT",0.000895615968633403
"ANCAN",0.0014188304349183
"ANCCA",0.0012579591693843
"ANCCC",0.00207075946826152
"ANCCG",0.0011461366116577
"ANCCT",0.00110428175069302
"ANCCN",0.00139478424999913
"ANCGA",0.00183001727835649
"ANCGC",0.000476110131796419
"ANCGG",0.00184196291084168
"ANCGT",0.001300350535906
"ANCGN",0.00136211021422515
"ANCTA",0.00319848735467596
"ANCTC",0.00371852919823416
"ANCTG",0.00173031767165382
"ANCTT",0.00279737769670764
"ANCTN",0.0028611779803179
"ANCNA",0.001956644178691
"ANCNC",0.00198143605438806
"ANCNG",0.0015744161583964
"ANCNT",0.00152440648798501
"ANCNN",0.00175922571986512
"ANGAA",0.000954914201917195
"ANGAC",0.000306407072264285
"ANGAG",0.00043727892420527
"ANGAT",0.00113435354432227
"ANGAN",0.000708238435677254
"ANGCA",0.00458087647285219
"ANGCC",0.000792252951639253
"ANGCG",0.00138341972697053
"ANGCT",0.00356342361618653
"ANGCN",0.00257999319191213
"ANGGA",0.000885946756497369
"ANGGC",0.000145428130587022
"ANGGG",0.000250856842510024
"ANGGT",0.000632683052091742
"ANGGN",0.000478728695421539
"ANGTA",0.0045522654964526
"ANGTC",0.000362736747932367
"ANGTG",0.0017462163900849
"ANGTT",0.00378591236820874
"ANGTN",0.00261178275066965
"ANGNA",0.00274350073192984
"ANGNC",0.000401706225605732
"ANGNG",0.00095444297094268
"ANGNT",0.00227909314520232
"ANGNN",0.00159468576842014
"ANTAA",0.000419275720337156
"ANTAC",0.000537127843710826
"ANTAG",0.000377579021298452
"ANTAT",0.000911783277146117
"ANTAN",0.000561441465623138
"ANTCA",0.000242986253215084
"ANTCC",0.000340233275514665
"ANTCG",0.000201788079038781
"ANTCT",0.000267941238996924
"ANTCN",0.000263237211691364
"ANTGA",0.000221096696791022
"ANTGC",0.000319140252916976
"ANTGG",0.000255560904072036
"ANTGT",0.000131098385895461
"ANTGN",0.000231724059918874
"ANTTA",0.000303712647257628
"ANTTC",0.000461279236448114
"ANTTG",0.000425734180555437
"ANTTT",0.00028080855745583
"ANTTN",0.000367883655429252
"ANTNA",0.000296767829400222
"ANTNC",0.000414445152147645
"ANTNG",0.000315165546241176
"ANTNT",0.000397907864873583
"ANTNN",0.000356071598165657
"ANNAA",NA
"ANNAC",NA
"ANNAG",NA
"ANNAT",NA
"ANNAN",NA
"ANNCA",NA
"ANNCC",NA
"ANNCG",NA
"ANNCT",NA
"ANNCN",NA
"ANNGA",NA
"ANNGC",NA
"ANNGG",NA
"ANNGT",NA
"ANNGN",NA
"ANNTA",NA
"ANNTC",NA
"ANNTG",NA
"ANNTT",NA
"ANNTN",NA
"ANNNA",NA
"ANNNC",NA
"ANNNG",NA
"ANNNT",NA
"ANNNN",NA
"CAAAA",0.000553212846118228
"CAAAC",0.000628264996224159
"CAAAG",0.00120800740880855
"CAAAT",0.00055804118379535
"CAAAN",0.000736881608736572
"CAACA",0.00080847745979526
"CAACC",0.000841968496527638
"CAACG",0.000672471761068643
"CAACT",0.000377341865304525
"CAACN",0.000675064895674016
"CAAGA",0.000809708060714091
"CAAGC",0.000950388293779387
"CAAGG",0.000729701362861341
"CAAGT",0.000683863081239873
"CAAGN",0.000793415199648673
"CAATA",0.0015329894391586
"CAATC",0.00115865123796805
"CAATG",0.00149115746395693
"CAATT",0.00238848327376439
"CAATN",0.00164282035371199
"CAANA",0.000926096951446546
"CAANC",0.000894818256124807
"CAANG",0.00102533449917387
"CAANT",0.00100193235102604
"CAANN",0.000962045514442813
"CACAA",0.000641859603868007
"CACAC",0.000649613909088018
"CACAG",0.000712370048496967
"CACAT",0.00105886738190506
"CACAN",0.000765677735839513
"CACCA",0.000386068783698541
"CACCC",0.000928937301637558
"CACCG",0.00192126181715316
"CACCT",0.00066216139946455
"CACCN",0.000974607325488453
"CACGA",0.00109502605028124
"CACGC",0.000525380661265774
"CACGG",0.00100604680422326
"CACGT",0.00109071837230617
"CACGN",0.000929292972019111
"CACTA",0.00185866636389559
"CACTC",0.00166391142258393
"CACTG",0.00105377610033378
"CACTT",0.00120433507186811
"CACTN",0.00144517223967035
"CACNA",0.000995405200435844
"CACNC",0.000941960823643819
"CACNG",0.00117336369255179
"CACNT",0.00100402055638597
"CACNN",0.00102868756825436
"CAGAA",0.000880931870482078
"CAGAC",0.000647060885760051
"CAGAG",0.000355321047856094
"CAGAT",0.00147783489883776
"CAGAN",0.000840287175733995
"CAGCA",0.00347035479285837
"CAGCC",0.000775477429145855
"CAGCG",0.00208084282881143
"CAGCT",0.00578354434657056
"CAGCN",0.00302755484934655
"CAGGA",0.000845126412065518
"CAGGC",0.000121558217959548
"CAGGG",0.000181393984045755
"CAGGT",0.00060171550780306
"CAGGN",0.00043744853046847
"CAGTA",0.00296198483345913
"CAGTC",0.000446003137129547
"CAGTG",0.00119628537387494
"CAGTT",0.00376944716470851
"CAGTN",0.00209343012729303
"CAGNA",0.00203959947721627
"CAGNC",0.00049752491749875
"CAGNG",0.000953460808647055
"CAGNT",0.00290813547947997
"CAGNN",0.00159968017071051
"CATAA",0.000508037473287327
"CATAC",0.00114167027814318
"CATAG",0.00160554160478622
"CATAT",0.000891470077948238
"CATAN",0.00103667985854124
"CATCA",0.000241387469312621
"CATCC",0.000340994731226603
"CATCG",0.000253788564272694
"CATCT",0.000229619892295637
"CATCN",0.000266447664276889
"CATGA",0.000172397351803711
"CATGC",0.000372874545434108
"CATGG",0.000407627109413897
"CATGT",0.000154013981697475
"CATGN",0.000276728247087298
"CATTA",0.000626599364835125
"CATTC",0.000388350647852362
"CATTG",0.000495644185821357
"CATTT",0.00065607331269851
"CATTN",0.000541666877801838
"CATNA",0.000387105414809696
"CATNC",0.000560972550664063
"CATNG",0.000690650366073542
"CATNT",0.000482794316159965
"CATNN",0.000530380661926816
"CANAA",NA
"CANAC",NA
"CANAG",NA
"CANAT",NA
"CANAN",NA
"CANCA",NA
"CANCC",NA
"CANCG",NA
"CANCT",NA
"CANCN",NA
"CANGA",NA
"CANGC",NA
"CANGG",NA
"CANGT",NA
"CANGN",NA
"CANTA",NA
"CANTC",NA
"CANTG",NA
"CANTT",NA
"CANTN",NA
"CANNA",NA
"CANNC",NA
"CANNG",NA
"CANNT",NA
"CANNN",NA
"CCAAA",0.000256216227906372
"CCAAC",0.000247488529313734
"CCAAG",0.000394294134177686
"CCAAT",0.000683361044887744
"CCAAN",0.000395339984071384
"CCACA",0.000276432746832377
"CCACC",0.000461170645983457
"CCACG",0.000477399021984825
"CCACT",0.000749797469152073
"CCACN",0.000491199970988183
"CCAGA",0.000168494851903902
"CCAGC",0.000273397387347425
"CCAGG",0.000216277566232125
"CCAGT",0.000259861753512258
"CCAGN",0.000229507889748927
"CCATA",0.000222422676734347
"CCATC",0.000737916956818007
"CCATG",0.00094972595430593
"CCATT",0.00113536046746249
"CCATN",0.000761356513830194
"CCANA",0.000230891625844249
"CCANC",0.000429993379865656
"CCANG",0.000509424169175142
"CCANT",0.000707095183753642
"CCANN",0.000469351089659672
"CCCAA",0.000136633739438759
"CCCAC",0.000233922248032585
"CCCAG",0.000191291045233257
"CCCAT",0.000110241991758905
"CCCAN",0.000168022256115876
"CCCCA",8.78548616234193e-05
"CCCCC",0.000438452229041251
"CCCCG",0.000185955647255828
"CCCCT",0.000362266591039855
"CCCCN",0.000268632332240088
"CCCGA",0.000151585154127502
"CCCGC",0.000188387863771482
"CCCGG",0.000371400064098553
"CCCGT",0.000232427241215168
"CCCGN",0.000235950080803176
"CCCTA",0.000188985355090667
"CCCTC",0.000342331995863309
"CCCTG",0.000241441462215515
"CCCTT",0.000229536182260457
"CCCTN",0.000250573748857487
"CCCNA",0.000141264777570087
"CCCNC",0.000300773584177157
"CCCNG",0.000247522054700788
"CCCNT",0.000233618001568596
"CCCNN",0.000230794604504157
"CCGAA",0.00021400181332232
"CCGAC",0.000358119333210855
"CCGAG",0.000610100548933106
"CCGAT",0.000641713945896683
"CCGAN",0.000455983910340741
"CCGCA",0.00485568972843484
"CCGCC",0.00116449648968052
"CCGCG",0.00115094535969023
"CCGCT",0.0046680954880027
"CCGCN",0.00295980676645207
"CCGGA",0.00105510501832808
"CCGGC",0.00029873221632603
"CCGGG",0.000259971675919516
"CCGGT",0.00038864958281176
"CCGGN",0.000500614623346345
"CCGTA",0.00552423876214857
"CCGTC",0.00048018439007898
"CCGTG",0.00059271947192176
"CCGTT",0.00182763602819568
"CCGTN",0.00210619466308625
"CCGNA",0.00291225883055845
"CCGNC",0.000575383107324096
"CCGNG",0.000653434264116153
"CCGNT",0.00188152376122671
"CCGNN",0.00150564999080635
"CCTAA",0.000332510598439306
"CCTAC",0.00050839978867603
"CCTAG",0.00051083552765115
"CCTAT",0.000518345159434371
"CCTAN",0.000467522768550214
"CCTCA",7.09486506315412e-05
"CCTCC",0.000313530420352021
"CCTCG",0.000209909281651295
"CCTCT",0.00026349778988319
"CCTCN",0.000214471535629512
"CCTGA",0.000189411163081975
"CCTGC",0.000125924465330855
"CCTGG",0.000146854068148229
"CCTGT",3.44974714116008e-05
"CCTGN",0.000124171791993165
"CCTTA",0.000353953727492812
"CCTTC",0.000288357315597782
"CCTTG",0.000138749934141962
"CCTTT",0.000316244212157185
"CCTTN",0.000274326297347435
"CCTNA",0.000236706034911409
"CCTNC",0.000309052997489172
"CCTNG",0.000251587202898159
"CCTNT",0.000283146158221587
"CCTNN",0.000270123098380081
"CCNAA",NA
"CCNAC",NA
"CCNAG",NA
"CCNAT",NA
"CCNAN",NA
"CCNCA",NA
"CCNCC",NA
"CCNCG",NA
"CCNCT",NA
"CCNCN",NA
"CCNGA",NA
"CCNGC",NA
"CCNGG",NA
"CCNGT",NA
"CCNGN",NA
"CCNTA",NA
"CCNTC",NA
"CCNTG",NA
"CCNTT",NA
"CCNTN",NA
"CCNNA",NA
"CCNNC",NA
"CCNNG",NA
"CCNNT",NA
"CCNNN",NA
"CGAAA",0.000276250186892885
"CGAAC",0.000248564134430875
"CGAAG",0.000208047473794337
"CGAAT",0.00030562032541531
"CGAAN",0.000259620530133352
"CGACA",0.000271542356496668
"CGACC",0.000330457914168489
"CGACG",0.000283199807366419
"CGACT",0.000282255609066
"CGACN",0.000291863921774394
"CGAGA",0.000285519377960814
"CGAGC",0.00028244020684807
"CGAGG",0.00134099454735334
"CGAGT",0.000270564709915317
"CGAGN",0.000544879710519385
"CGATA",0.000529846167944607
"CGATC",0.000452459712681599
"CGATG",0.000486059603621236
"CGATT",0.000613812962351841
"CGATN",0.00052054461164982
"CGANA",0.000340789522323743
"CGANC",0.000328480492032258
"CGANG",0.000579575358033832
"CGANT",0.000368063401687117
"CGANN",0.000404227193519238
"CGCAA",0.0011181635345372
"CGCAC",0.00111785109415607
"CGCAG",0.00125740735144877
"CGCAT",0.00167560746275519
"CGCAN",0.00129225736072431
"CGCCA",0.0016751388021835
"CGCCC",0.00113278966483376
"CGCCG",0.00140443289408032
"CGCCT",0.000545624815450948
"CGCCN",0.00118949654413713
"CGCGA",0.0011181635345372
"CGCGC",0.00111785109415607
"CGCGG",0.00125740735144877
"CGCGT",0.00167560746275519
"CGCGN",0.00129225736072431
"CGCTA",0.000545624815450948
"CGCTC",0.00167607612332688
"CGCTG",0.00111038180881722
"CGCTT",0.00113278966483376
"CGCTN",0.0011162181031072
"CGCNA",0.00111427267167721
"CGCNC",0.00126114199411819
"CGCNG",0.00125740735144877
"CGCNT",0.00125740735144877
"CGCNN",0.00122255734217324
"CGGAA",0.00118568568605573
"CGGAC",0.000444997841525857
"CGGAG",0.000732567406657254
"CGGAT",0.000508029903366971
"CGGAN",0.000717820209401453
"CGGCA",0.00265164522439695
"CGGCC",0.00136762295882767
"CGGCG",0.00138349295505637
"CGGCT",0.00431470404724482
"CGGCN",0.00242936629638145
"CGGGA",0.00110767241361565
"CGGGC",0.000602858322649403
"CGGGG",0.000198783966579817
"CGGGT",0.000861936353325294
"CGGGN",0.000692812764042541
"CGGTA",0.00257817482094666
"CGGTC",0.000389546801325185
"CGGTG",0.00157996599763777
"CGGTT",0.00412629896871734
"CGGTN",0.00216849664715674
"CGGNA",0.00188079453625375
"CGGNC",0.000701256481082029
"CGGNG",0.000973702581482803
"CGGNT",0.00245274231816361
"CGGNN",0.00150212397924555
"CGTAA",0.000582775436802778
"CGTAC",0.000514735859322395
"CGTAG",0.000531326162142274
"CGTAT",0.00049774059830114
"CGTAN",0.000531644514142147
"CGTCA",0.000158791471181587
"CGTCC",0.000158441420868351
"CGTCG",0.00019513336758004
"CGTCT",0.000169149676792785
"CGTCN",0.000170378984105691
"CGTGA",0.000122800089933943
"CGTGC",0.000243437272002808
"CGTGG",0.000120758748858866
"CGTGT",0.000235346742189028
"CGTGN",0.000180585713246161
"CGTTA",0.000446275662128438
"CGTTC",0.000366409275657597
"CGTTG",0.000332134586226683
"CGTTT",0.00105513632072097
"CGTTN",0.000549988961183423
"CGTNA",0.000327660665011686
"CGTNC",0.000320755956962788
"CGTNG",0.000294838216201966
"CGTNT",0.000489343334500982
"CGTNN",0.000358149543169356
"CGNAA",NA
"CGNAC",NA
"CGNAG",NA
"CGNAT",NA
"CGNAN",NA
"CGNCA",NA
"CGNCC",NA
"CGNCG",NA
"CGNCT",NA
"CGNCN",NA
"CGNGA",NA
"CGNGC",NA
"CGNGG",NA
"CGNGT",NA
"CGNGN",NA
"CGNTA",NA
"CGNTC",NA
"CGNTG",NA
"CGNTT",NA
"CGNTN",NA
"CGNNA",NA
"CGNNC",NA
"CGNNG",NA
"CGNNT",NA
"CGNNN",NA
"CTAAA",0.00110478021768806
"CTAAC",0.00176594076028152
"CTAAG",0.000279949673374524
"CTAAT",0.00101293431148644
"CTAAN",0.00104090124070763
"CTACA",0.00113574744960521
"CTACC",0.00147393469446371
"CTACG",0.000880333112253723
"CTACT",0.00120708098857118
"CTACN",0.00117427406122346
"CTAGA",0.000837278569332025
"CTAGC",0.000666638473021532
"CTAGG",0.00145208910444396
"CTAGT",0.000789561826743346
"CTAGN",0.000936391993385216
"CTATA",0.000824933958793194
"CTATC",0.00154409804527545
"CTATG",0.00177382812574396
"CTATT",0.002198043632779
"CTATN",0.0015852259406479
"CTANA",0.000975685048854622
"CTANC",0.00136265299326055
"CTANG",0.00109655000395404
"CTANT",0.00130190518989499
"CTANN",0.00118419830899105
"CTCAA",0.000622164846131139
"CTCAC",0.000324138722818247
"CTCAG",0.000572208434011378
"CTCAT",0.000229389398453619
"CTCAN",0.000436975350353596
"CTCCA",0.000284770937025846
"CTCCC",0.000299464182105104
"CTCCG",0.000475716033630499
"CTCCT",0.000115904726599402
"CTCCN",0.000293963969840213
"CTCGA",0.000446259936503117
"CTCGC",0.000199699001459816
"CTCGG",0.000373742000762397
"CTCGT",0.000457406639582856
"CTCGN",0.000369276894577046
"CTCTA",0.000514917598455971
"CTCTC",0.000727511497916225
"CTCTG",0.000314076898198942
"CTCTT",0.000741647267305856
"CTCTN",0.000574538315469248
"CTCNA",0.000467028329529018
"CTCNC",0.000387703351074848
"CTCNG",0.000433935841650804
"CTCNT",0.000386087007985433
"CTCNN",0.000418688632560026
"CTGAA",0.000340525289547752
"CTGAC",0.000109354178666407
"CTGAG",0.000163055446558809
"CTGAT",0.00146391501411557
"CTGAN",0.000519212482222134
"CTGCA",0.00233425857869025
"CTGCC",0.000566859036503388
"CTGCG",0.00115094535969023
"CTGCT",0.00382540012074797
"CTGCN",0.00196936577390796
"CTGGA",0.000647523522736159
"CTGGC",0.000131138499237087
"CTGGG",0.00016214452919429
"CTGGT",0.000700303753492956
"CTGGN",0.000410277576165123
"CTGTA",0.00279491449554656
"CTGTC",0.000299595609946769
"CTGTG",0.000727996592584868
"CTGTT",0.00460378800692354
"CTGTN",0.00210657367625044
"CTGNA",0.00152930547163018
"CTGNC",0.000276736831088413
"CTGNG",0.000551035482007049
"CTGNT",0.00264835172382001
"CTGNN",0.00125135737713641
"CTTAA",0.000124899449873121
"CTTAC",0.000774326858817673
"CTTAG",0.000643354559610334
"CTTAT",0.000709783644800903
"CTTAN",0.000563091128275508
"CTTCA",0.000194992341241439
"CTTCC",8.13830202726471e-05
"CTTCG",0.000199392257949589
"CTTCT",0.000126644964115651
"CTTCN",0.000150603145894832
"CTTGA",0.00014389080395193
"CTTGC",0.000304256149808475
"CTTGG",7.05546358385334e-05
"CTTGT",0.000266233678359397
"CTTGN",0.000196233816989584
"CTTTA",0.000463083706582056
"CTTTC",0.000283895500078835
"CTTTG",0.000386922910858525
"CTTTT",0.000391748989256751
"CTTTN",0.000381412776694042
"CTTNA",0.000231716575412137
"CTTNC",0.000360965382244408
"CTTNG",0.000325056091064245
"CTTNT",0.000373602819133175
"CTTNN",0.000322835216963491
"CTNAA",NA
"CTNAC",NA
"CTNAG",NA
"CTNAT",NA
"CTNAN",NA
"CTNCA",NA
"CTNCC",NA
"CTNCG",NA
"CTNCT",NA
"CTNCN",NA
"CTNGA",NA
"CTNGC",NA
"CTNGG",NA
"CTNGT",NA
"CTNGN",NA
"CTNTA",NA
"CTNTC",NA
"CTNTG",NA
"CTNTT",NA
"CTNTN",NA
"CTNNA",NA
"CTNNC",NA
"CTNNG",NA
"CTNNT",NA
"CTNNN",NA
"CNAAA",0.000547614869651385
"CNAAC",0.000722564605062571
"CNAAG",0.000522574672538775
"CNAAT",0.000639989216396211
"CNAAN",0.000608185840912235
"CNACA",0.00062305000318238
"CNACC",0.000776882937785823
"CNACG",0.000578350925668402
"CNACT",0.000654118983023444
"CNACN",0.000658100712415012
"CNAGA",0.000525250214977708
"CNAGC",0.000543216090249103
"CNAGG",0.000934765645222692
"CNAGT",0.000500962842852698
"CNAGN",0.00062604869832555
"CNATA",0.000777548060657688
"CNATC",0.000973281488185774
"CNATG",0.00117519278690701
"CNATT",0.00158392508408943
"CNATN",0.00112748685495998
"CNANA",0.00061836578711729
"CNANC",0.000753986280320818
"CNANG",0.00080272100758422
"CNANT",0.000844749031590446
"CNANN",0.000754955526653194
"CNCAA",0.000629705430993775
"CNCAC",0.00058138149352373
"CNCAG",0.000683319219797593
"CNCAT",0.000768526558718194
"CNCAN",0.000665733175758323
"CNCCA",0.000608458346132827
"CNCCC",0.000699910844404417
"CNCCG",0.000996841598029952
"CNCCT",0.000421489383138689
"CNCCN",0.000681675042926471
"CNCGA",0.000702758668862263
"CNCGC",0.000507829655163285
"CNCGG",0.000752149055133246
"CNCGT",0.000864039928964847
"CNCGN",0.00070669432703091
"CNCTA",0.000777048533223294
"CNCTC",0.00110245775992259
"CNCTG",0.000679919067391366
"CNCTT",0.000827077046567045
"CNCTN",0.000846625601776072
"CNCNA",0.00067949274480304
"CNCNC",0.000722894938253504
"CNCNG",0.000778057235088039
"CNCNT",0.000720283229347194
"CNCNN",0.000725182036872944
"CNGAA",0.000655286164851971
"CNGAC",0.000389883059790792
"CNGAG",0.000465261112501316
"CNGAT",0.00102287344055425
"CNGAN",0.000633325944424581
"CNGCA",0.0033279870810951
"CNGCC",0.000968613978539359
"CNGCG",0.00144155662581206
"CNGCT",0.00464793600064151
"CNGCN",0.00259652342152201
"CNGGA",0.000913856841686351
"CNGGC",0.000288571814043017
"CNGGG",0.000200573538934845
"CNGGT",0.000638151299358267
"CNGGN",0.00051028837350562
"CNGTA",0.00346482822802523
"CNGTC",0.00040383248462012
"CNGTG",0.00102424185900484
"CNGTT",0.00358179254213627
"CNGTN",0.00211867377844661
"CNGNA",0.00209048957891466
"CNGNC",0.000512725334248322
"CNGNG",0.000782908284063265
"CNGNT",0.00247268832067257
"CNGNN",0.00146470287947471
"CNTAA",0.000387055739600633
"CNTAC",0.000734783196239819
"CNTAG",0.000822764463547495
"CNTAT",0.000654334870121163
"CNTAN",0.000649734567377277
"CNTCA",0.000166529983091797
"CNTCC",0.000223587398179906
"CNTCG",0.000214555867863405
"CNTCT",0.000197228080771816
"CNTCN",0.000200475332476731
"CNTGA",0.00015712485219289
"CNTGC",0.000261623108144061
"CNTGG",0.000186448640564881
"CNTGT",0.000172522968414375
"CNTGN",0.000194429892329052
"CNTTA",0.000472478115259608
"CNTTC",0.000331753184796644
"CNTTG",0.000338362904262132
"CNTTT",0.000604800708708355
"CNTTN",0.000436848728256685
"CNTNA",0.000295797172536232
"CNTNC",0.000387936721840108
"CNTNG",0.000390532969059478
"CNTNT",0.000407221657003927
"CNTNN",0.000370372130109936
"CNNAA",NA
"CNNAC",NA
"CNNAG",NA
"CNNAT",NA
"CNNAN",NA
"CNNCA",NA
"CNNCC",NA
"CNNCG",NA
"CNNCT",NA
"CNNCN",NA
"CNNGA",NA
"CNNGC",NA
"CNNGG",NA
"CNNGT",NA
"CNNGN",NA
"CNNTA",NA
"CNNTC",NA
"CNNTG",NA
"CNNTT",NA
"CNNTN",NA
"CNNNA",NA
"CNNNC",NA
"CNNNG",NA
"CNNNT",NA
"CNNNN",NA
"GAAAA",0.000866203309241099
"GAAAC",0.000868403361290081
"GAAAG",0.000785130568269179
"GAAAT",0.00096060630621711
"GAAAN",0.000870085886254367
"GAACA",0.000895417814249106
"GAACC",0.000699765407584554
"GAACG",0.000614547471155061
"GAACT",0.000953923209016003
"GAACN",0.000790913475501181
"GAAGA",0.000774082846744338
"GAAGC",0.00110692923224701
"GAAGG",0.000869599989414415
"GAAGT",0.00112395243031996
"GAAGN",0.000968641124681432
"GAATA",0.000206956741957384
"GAATC",0.0012962206985042
"GAATG",0.000671788257780031
"GAATT",0.00101369463213008
"GAATN",0.000797165082592923
"GAANA",0.000685665178047982
"GAANC",0.000992829674906461
"GAANG",0.000735266571654671
"GAANT",0.00101304414442079
"GAANN",0.000856701392257476
"GACAA",0.000560641487279012
"GACAC",0.000276701170376254
"GACAG",0.000237828248184324
"GACAT",0.000384191861267586
"GACAN",0.000364840691776794
"GACCA",0.000262879728889017
"GACCC",0.000222708406739236
"GACCG",0.000723650195677882
"GACCT",0.000211248580729225
"GACCN",0.00035512172800884
"GACGA",0.000128293555760307
"GACGC",0.000621935514031364
"GACGG",0.000626010503371371
"GACGT",0.00069441941454519
"GACGN",0.000517664746927058
"GACTA",0.00214565369546318
"GACTC",0.00112298583429538
"GACTG",0.000725956745135113
"GACTT",0.000447083765303451
"GACTN",0.00111042001004928
"GACNA",0.00077436711684788
"GACNC",0.000561082731360558
"GACNG",0.000578361423092172
"GACNT",0.000434235905461363
"GACNN",0.000587011794190493
"GAGAA",0.00166315881635097
"GAGAC",0.00102369533556784
"GAGAG",0.00139679553208844
"GAGAT",0.00303168459254514
"GAGAN",0.0017788335691381
"GAGCA",0.00934334356664379
"GAGCC",0.00210612945056469
"GAGCG",0.000685850168957958
"GAGCT",0.00674043708123768
"GAGCN",0.00471894006685103
"GAGGA",0.00242984169478311
"GAGGC",0.000382148748948141
"GAGGG",0.000160929004729603
"GAGGT",0.000578265365020186
"GAGGN",0.000887796203370259
"GAGTA",0.0106615936050957
"GAGTC",0.000836858955216513
"GAGTG",0.00334628428333327
"GAGTT",0.00963138915322461
"GAGTN",0.00611903149921752
"GAGNA",0.00602448442071838
"GAGNC",0.0010872081225743
"GAGNG",0.00139746474727732
"GAGNT",0.0049954440480069
"GAGNN",0.00337615033464423
"GATAA",0.00074700022488935
"GATAC",0.000752414990743946
"GATAG",0.00105631887445558
"GATAT",0.000879519823923059
"GATAN",0.000858813478502984
"GATCA",0.000219013196434666
"GATCC",0.000421109775822426
"GATCG",0.000222478735256081
"GATCT",0.000222676129224758
"GATCN",0.000271319459184483
"GATGA",0.000361845785744353
"GATGC",0.000221337297643762
"GATGG",0.000347714057669338
"GATGT",0.000330213037985059
"GATGN",0.000315277544760628
"GATTA",0.000473133615114152
"GATTC",0.000694573301765844
"GATTG",0.00044411795191861
"GATTT",0.00042834360385504
"GATTN",0.000510042118163412
"GATNA",0.00045024820554563
"GATNC",0.000522358841493995
"GATNG",0.000517657404824903
"GATNT",0.000465188148746979
"GATNN",0.000488863150152877
"GANAA",NA
"GANAC",NA
"GANAG",NA
"GANAT",NA
"GANAN",NA
"GANCA",NA
"GANCC",NA
"GANCG",NA
"GANCT",NA
"GANCN",NA
"GANGA",NA
"GANGC",NA
"GANGG",NA
"GANGT",NA
"GANGN",NA
"GANTA",NA
"GANTC",NA
"GANTG",NA
"GANTT",NA
"GANTN",NA
"GANNA",NA
"GANNC",NA
"GANNG",NA
"GANNT",NA
"GANNN",NA
"GCAAA",0.000225434187879173
"GCAAC",0.000453533430371789
"GCAAG",0.000505482888646129
"GCAAT",0.000341102496174157
"GCAAN",0.000381388250767812
"GCACA",0.000421535503088358
"GCACC",0.000860675163442951
"GCACG",0.000443891500111138
"GCACT",0.000506757892299782
"GCACN",0.000558215014735557
"GCAGA",0.000394286051789275
"GCAGC",0.000310160321678739
"GCAGG",0.000384008060818279
"GCAGT",0.00050809664473013
"GCAGN",0.000399137769754106
"GCATA",0.000252549785976843
"GCATC",0.000554993618191196
"GCATG",0.00112081105280148
"GCATT",0.0012368526703001
"GCATN",0.000791301781817405
"GCANA",0.000323451382183412
"GCANC",0.000544840633421169
"GCANG",0.000613548375594257
"GCANT",0.000648202425876042
"GCANN",0.00053251070426872
"GCCAA",0.000204669820894886
"GCCAC",7.36508333436709e-05
"GCCAG",3.05660347753871e-05
"GCCAT",3.61016750966814e-05
"GCCAN",8.62470910276564e-05
"GCCCA",9.47440962419909e-05
"GCCCC",9.5891050947721e-05
"GCCCG",0.000125198760308981
"GCCCT",0.000122572042683618
"GCCCN",0.000109601487545578
"GCCGA",9.47440962419909e-05
"GCCGC",9.5891050947721e-05
"GCCGG",0.000125198760308981
"GCCGT",0.000122572042683618
"GCCGN",0.000109601487545578
"GCCTA",9.3143629093551e-05
"GCCTC",0.000218427843116115
"GCCTG",0.0001149740948781
"GCCTT",0.000102962229671315
"GCCTN",0.00013237694918977
"GCCNA",0.000121825410618105
"GCCNC",0.000120965194588807
"GCCNG",9.89844125678621e-05
"GCCNT",9.60519975338082e-05
"GCCNN",0.000109456753827146
"GCGAA",0.00100991938027186
"GCGAC",0.000333086411648342
"GCGAG",0.00033933344751967
"GCGAT",0.00123300766060835
"GCGAN",0.000728836725012055
"GCGCA",0.00382201706783013
"GCGCC",0.000434204200091893
"GCGCG",0.00138341972697053
"GCGCT",0.00452318456237832
"GCGCN",0.00254070638931772
"GCGGA",0.000942252399553776
"GCGGC",0.000183530336688375
"GCGGG",0.000244335464137679
"GCGGT",0.000732285436273973
"GCGGN",0.000525600909163451
"GCGTA",0.00385400367202491
"GCGTC",0.00015210592805218
"GCGTG",0.000419552800338718
"GCGTT",0.00350901985733874
"GCGTN",0.00198367056443864
"GCGNA",0.00240704812992017
"GCGNC",0.000275731719120197
"GCGNG",0.000596660359741649
"GCGNT",0.00249937437914984
"GCGNN",0.00144470364698296
"GCTAA",8.83881159410744e-05
"GCTAC",0.000774847386954525
"GCTAG",0.000401665227125026
"GCTAT",0.000411904715785737
"GCTAN",0.00041920136145159
"GCTCA",0.000229360666299788
"GCTCC",0.000200125089879252
"GCTCG",0.000124654586182267
"GCTCT",0.000259889087414832
"GCTCN",0.000203507357444035
"GCTGA",0.000145820298857531
"GCTGC",0.000165772689761241
"GCTGG",0.000122216582556433
"GCTGT",0.000173386293666496
"GCTGN",0.000151798966210425
"GCTTA",0.0002728048277889
"GCTTC",0.000428016459508077
"GCTTG",0.000285304711988516
"GCTTT",0.0001757208513933
"GCTTN",0.000290461712669698
"GCTNA",0.000184093477221823
"GCTNC",0.000392190406525774
"GCTNG",0.000233460276963061
"GCTNT",0.000255225237065091
"GCTNN",0.000266242349443937
"GCNAA",NA
"GCNAC",NA
"GCNAG",NA
"GCNAT",NA
"GCNAN",NA
"GCNCA",NA
"GCNCC",NA
"GCNCG",NA
"GCNCT",NA
"GCNCN",NA
"GCNGA",NA
"GCNGC",NA
"GCNGG",NA
"GCNGT",NA
"GCNGN",NA
"GCNTA",NA
"GCNTC",NA
"GCNTG",NA
"GCNTT",NA
"GCNTN",NA
"GCNNA",NA
"GCNNC",NA
"GCNNG",NA
"GCNNT",NA
"GCNNN",NA
"GGAAA",0.000336728529488653
"GGAAC",0.000361062048980615
"GGAAG",0.000361813057661429
"GGAAT",0.000122315519102137
"GGAAN",0.000295479788808209
"GGACA",0.000498068180317851
"GGACC",0.000230694684315561
"GGACG",0.00036406487517419
"GGACT",0.000199246185524009
"GGACN",0.000323018481332903
"GGAGA",0.000224507998462939
"GGAGC",0.000481017385416447
"GGAGG",0.000215167150038366
"GGAGT",0.000351429677667089
"GGAGN",0.00031803055289621
"GGATA",0.000487924044319751
"GGATC",0.00078579956860558
"GGATG",0.000683104936688935
"GGATT",0.00049805565832053
"GGATN",0.000613721051983699
"GGANA",0.000386807188147299
"GGANC",0.000464643421829551
"GGANG",0.00040603750489073
"GGANT",0.000292761760153441
"GGANN",0.000387562468755255
"GGCAA",0.000166697553026959
"GGCAC",0.00024272288267017
"GGCAG",0.000286505580983952
"GGCAT",0.000170916691324116
"GGCAN",0.000216710677001299
"GGCCA",0.000279435072964969
"GGCCC",0.000400813303934656
"GGCCG",0.000515207202656944
"GGCCT",0.000380177945646793
"GGCCN",0.000393908381300841
"GGCGA",0.000274429094886239
"GGCGC",0.000398859631408514
"GGCGG",0.000498954292790517
"GGCGT",0.00051110726331602
"GGCGN",0.000420837570600322
"GGCTA",0.000827359911211813
"GGCTC",0.00130978491586204
"GGCTG",0.000465244926492238
"GGCTT",0.000614539369617273
"GGCTN",0.000804232280795841
"GGCNA",0.000386980408022495
"GGCNC",0.000588045183468845
"GGCNG",0.000441478000730913
"GGCNT",0.00041918531747605
"GGCNN",0.000458922227424576
"GGGAA",0.00206494963231031
"GGGAC",0.000167112438946566
"GGGAG",0.000607133515491326
"GGGAT",0.000770768448121794
"GGGAN",0.0009024910087175
"GGGCA",0.00620305792402511
"GGGCC",0.000834897087480476
"GGGCG",0.00161594291297472
"GGGCT",0.00416979312162044
"GGGCN",0.00320592276152519
"GGGGA",0.000520831233218043
"GGGGC",0.000143135665411054
"GGGGG",0.000271595852784499
"GGGGT",0.000816290480953112
"GGGGN",0.000437963308091677
"GGGTA",0.00780530859360269
"GGGTC",0.000696136678661408
"GGGTG",0.00325632368271837
"GGGTT",0.0065136019812607
"GGGTN",0.00456784273406079
"GGGNA",0.00414853684578904
"GGGNC",0.000460320467624876
"GGGNG",0.00143774899099223
"GGGNT",0.00306761350798901
"GGGNN",0.00227855495309879
"GGTAA",0.000430568209950851
"GGTAC",0.000838013050109588
"GGTAG",0.00110714826989529
"GGTAT",0.000716408351515019
"GGTAN",0.000773034470367686
"GGTCA",0.000183664733883412
"GGTCC",0.000121857187896823
"GGTCG",0.000192989863435268
"GGTCT",0.00022399237100792
"GGTCN",0.000180626039055856
"GGTGA",0.000180113481417699
"GGTGC",0.000110220568526076
"GGTGG",0.000358654230918184
"GGTGT",0.000218163947150087
"GGTGN",0.000216788057003011
"GGTTA",8.40633761081064e-05
"GGTTC",0.000538841149246097
"GGTTG",0.0010026498753804
"GGTTT",0.000370274709256555
"GGTTN",0.000498957277497789
"GGTNA",0.000219602450340017
"GGTNC",0.000402232988944646
"GGTNG",0.000665360559907284
"GGTNT",0.000382209844732395
"GGTNN",0.000417351460981086
"GGNAA",NA
"GGNAC",NA
"GGNAG",NA
"GGNAT",NA
"GGNAN",NA
"GGNCA",NA
"GGNCC",NA
"GGNCG",NA
"GGNCT",NA
"GGNCN",NA
"GGNGA",NA
"GGNGC",NA
"GGNGG",NA
"GGNGT",NA
"GGNGN",NA
"GGNTA",NA
"GGNTC",NA
"GGNTG",NA
"GGNTT",NA
"GGNTN",NA
"GGNNA",NA
"GGNNC",NA
"GGNNG",NA
"GGNNT",NA
"GGNNN",NA
"GTAAA",0.00149358760410859
"GTAAC",0.00100072327867316
"GTAAG",0.0018002557145934
"GTAAT",0.00239509299170743
"GTAAN",0.00167241489727065
"GTACA",0.00113315433107357
"GTACC",0.00259106267968883
"GTACG",0.00111691195241621
"GTACT",0.00148291167812046
"GTACN",0.00158101016032477
"GTAGA",0.00203732604312444
"GTAGC",0.00120068674150384
"GTAGG",0.00157198581634581
"GTAGT",0.00123142977652203
"GTAGN",0.00151035709437403
"GTATA",0.00206058226317598
"GTATC",0.00272429975312861
"GTATG",0.00213612400959047
"GTATT",0.00285691000654456
"GTATN",0.00244447900810991
"GTANA",0.00168116256037065
"GTANC",0.00187919311324861
"GTANG",0.00165631937323647
"GTANT",0.00199158611322362
"GTANN",0.00180206529001984
"GTCAA",0.000331271172928828
"GTCAC",0.000218239398137996
"GTCAG",0.000316424776952869
"GTCAT",0.000270920755756892
"GTCAN",0.000284214025944147
"GTCCA",0.000281148758259757
"GTCCC",0.000336285350091839
"GTCCG",0.00012096725277075
"GTCCT",0.00011214336386214
"GTCCN",0.000212636181246121
"GTCGA",0.000285865872259443
"GTCGC",0.000252322302132468
"GTCGG",7.98503047846331e-05
"GTCGT",0.000296398357447862
"GTCGN",0.000228609209156101
"GTCTA",0.000184465773281368
"GTCTC",0.000615542432719135
"GTCTG",0.000263240301888214
"GTCTT",0.000408917017115816
"GTCTN",0.000368041381251133
"GTCNA",0.000270687894182349
"GTCNC",0.00035559737077036
"GTCNG",0.000195120659099117
"GTCNT",0.000272094873545678
"GTCNN",0.000273375199399376
"GTGAA",0.000482164958310589
"GTGAC",0.000123989995623016
"GTGAG",0.00101991770566229
"GTGAT",0.00107138654590844
"GTGAN",0.000674364801376084
"GTGCA",0.00221291105071912
"GTGCC",0.00271625914639351
"GTGCG",0.00138341972697053
"GTGCT",0.00402779479107593
"GTGCN",0.00258509617878977
"GTGGA",0.000499902975322996
"GTGGC",0.000127268688409851
"GTGGG",0.000246511493425444
"GTGGT",0.00118701222067229
"GTGGN",0.000515173844457646
"GTGTA",0.00490028776236697
"GTGTC",0.000487259237041884
"GTGTG",0.00160434211694076
"GTGTT",0.00634337344353888
"GTGTN",0.00333381563997213
"GTGNA",0.00202381668667992
"GTGNC",0.000863694266867066
"GTGNG",0.00106354776074976
"GTGNT",0.00315739175029888
"GTGNN",0.00177711261614891
"GTTAA",6.27835157184756e-05
"GTTAC",0.00139410219640543
"GTTAG",0.000143730224570846
"GTTAT",0.00123311842250859
"GTTAN",0.000708433589800836
"GTTCA",0.00022891777239107
"GTTCC",0.000176432048035547
"GTTCG",0.000252014966586431
"GTTCT",7.65430404234272e-05
"GTTCN",0.000183476956859119
"GTTGA",0.000336869062246216
"GTTGC",8.42361529088544e-05
"GTTGG",0.000919916869716091
"GTTGT",5.9009349958761e-05
"GTTGN",0.000350007858707481
"GTTTA",0.000260564078175004
"GTTTC",0.00122501486793119
"GTTTG",9.47208010770965e-05
"GTTTT",0.000481879918280308
"GTTTN",0.0005155449163659
"GTTNA",0.000222283607132691
"GTTNC",0.000719946316320256
"GTTNG",0.000352595715487616
"GTTNT",0.000462637682792772
"GTTNN",0.000439365830433334
"GTNAA",NA
"GTNAC",NA
"GTNAG",NA
"GTNAT",NA
"GTNAN",NA
"GTNCA",NA
"GTNCC",NA
"GTNCG",NA
"GTNCT",NA
"GTNCN",NA
"GTNGA",NA
"GTNGC",NA
"GTNGG",NA
"GTNGT",NA
"GTNGN",NA
"GTNTA",NA
"GTNTC",NA
"GTNTG",NA
"GTNTT",NA
"GTNTN",NA
"GTNNA",NA
"GTNNC",NA
"GTNNG",NA
"GTNNT",NA
"GTNNN",NA
"GNAAA",0.000730488407679379
"GNAAC",0.000670930529828913
"GNAAG",0.000863170557292535
"GNAAT",0.000954779328300208
"GNAAN",0.000804842205775259
"GNACA",0.000737043957182222
"GNACC",0.00109554948375797
"GNACG",0.000634853949714149
"GNACT",0.000785709741240064
"GNACN",0.000813289282973602
"GNAGA",0.000857550735030248
"GNAGC",0.00077469842021151
"GNAGG",0.000760190254154217
"GNAGT",0.000803727132309804
"GNAGN",0.000799041635426445
"GNATA",0.00075200320885749
"GNATC",0.0013403284096074
"GNATG",0.00115295706421523
"GNATT",0.00140137824182382
"GNATN",0.00116166673112598
"GNANA",0.000769271577187335
"GNANC",0.000970376710851449
"GNANG",0.000852792956344033
"GNANT",0.000986398610918473
"GNANN",0.000894709963825322
"GNCAA",0.000315820008532421
"GNCAC",0.000202828571132023
"GNCAG",0.000217831160224133
"GNCAT",0.000215532745861319
"GNCAN",0.000238003121437474
"GNCCA",0.000229551914088934
"GNCCC",0.000263924527928363
"GNCCG",0.000371255852853639
"GNCCT",0.000206535483230444
"GNCCN",0.000267816944525345
"GNCGA",0.000195833154786995
"GNCGC",0.000342252124630017
"GNCGG",0.000332503465313876
"GNCGT",0.000406124269498173
"GNCGN",0.000319178253557265
"GNCTA",0.000812655752262479
"GNCTC",0.000816685256498167
"GNCTG",0.000392354017098416
"GNCTT",0.000393375595426964
"GNCTN",0.000603767655321507
"GNCNA",0.000388465207417707
"GNCNC",0.000406422620047142
"GNCNG",0.000328486123872516
"GNCNT",0.000305392023504225
"GNCNN",0.000357191493710398
"GNGAA",0.00130504819681093
"GNGAC",0.000411971045446441
"GNGAG",0.000840795050190432
"GNGAT",0.00152671181179593
"GNGAN",0.00102113152606093
"GNGCA",0.00539533240230454
"GNGCC",0.00152287247113264
"GNGCG",0.00126715813396843
"GNGCT",0.00486530238907809
"GNGCN",0.00326266634912093
"GNGGA",0.00109820707571948
"GNGGC",0.000209020859864355
"GNGGG",0.000230842953769306
"GNGGT",0.000828463375729891
"GNGGN",0.000591633566270758
"GNGTA",0.00680529840827256
"GNGTC",0.000543090199742996
"GNGTG",0.00215662572083278
"GNGTT",0.00649934610884073
"GNGTN",0.00400109010942227
"GNGNA",0.00365097152077688
"GNGNC",0.000671738644046609
"GNGNG",0.00112385546469024
"GNGNT",0.00342995592136116
"GNGNN",0.00221913038771872
"GNTAA",0.000332185016624938
"GNTAC",0.000939844406053373
"GNTAG",0.000677215649011685
"GNTAT",0.000810237828433101
"GNTAN",0.000689870725030774
"GNTCA",0.000215239092252234
"GNTCC",0.000229881025408512
"GNTCG",0.000198034537865012
"GNTCT",0.000195775157017734
"GNTCN",0.000209732453135873
"GNTGA",0.00025616215706645
"GNTGC",0.000145391677209983
"GNTGG",0.000437125435215011
"GNTGT",0.000195193157190101
"GNTGN",0.000258468106670386
"GNTTA",0.000272641474296541
"GNTTC",0.000721611444612802
"GNTTG",0.000456698335091155
"GNTTT",0.000364054770696301
"GNTTN",0.0004537515061742
"GNTNA",0.000269056935060041
"GNTNC",0.000509182138321168
"GNTNG",0.000442268489295716
"GNTNT",0.000391315228334309
"GNTNN",0.000402955697752808
"GNNAA",NA
"GNNAC",NA
"GNNAG",NA
"GNNAT",NA
"GNNAN",NA
"GNNCA",NA
"GNNCC",NA
"GNNCG",NA
"GNNCT",NA
"GNNCN",NA
"GNNGA",NA
"GNNGC",NA
"GNNGG",NA
"GNNGT",NA
"GNNGN",NA
"GNNTA",NA
"GNNTC",NA
"GNNTG",NA
"GNNTT",NA
"GNNTN",NA
"GNNNA",NA
"GNNNC",NA
"GNNNG",NA
"GNNNT",NA
"GNNNN",NA
"TAAAA",0.00123982372126759
"TAAAC",0.000505623421625382
"TAAAG",0.000369404867343167
"TAAAT",0.000923118104232854
"TAAAN",0.000759492528617249
"TAACA",0.000387640727322462
"TAACC",0.000585561151755038
"TAACG",0.000720518147454612
"TAACT",0.000622168465076201
"TAACN",0.000578972122902078
"TAAGA",0.000436058841117855
"TAAGC",0.000748165822957592
"TAAGG",0.00227431119210151
"TAAGT",0.000321458285295802
"TAAGN",0.000944998535368189
"TAATA",0.000304315844797625
"TAATC",0.00100438843460695
"TAATG",0.0010254091879797
"TAATT",0.000564232102126372
"TAATN",0.000724586392377661
"TAANA",0.000591959783626384
"TAANC",0.000710934707736239
"TAANG",0.00109741084871975
"TAANT",0.000607744239182807
"TAANN",0.000752012394816294
"TACAA",0.00125799840908161
"TACAC",0.00248109873863861
"TACAG",0.00244791333037111
"TACAT",0.00216501402987276
"TACAN",0.00208800612699102
"TACCA",0.00329177401567224
"TACCC",0.00263704984654344
"TACCG",0.0016201962450893
"TACCT",0.00170879996767799
"TACCN",0.00231445501874574
"TACGA",0.00287549190507588
"TACGC",0.00281942102956132
"TACGG",0.00296173797730077
"TACGT",0.00287642118661349
"TACGN",0.00288326802463787
"TACTA",0.00316371828784619
"TACTC",0.00579325790686832
"TACTG",0.00295541255934054
"TACTT",0.00383224246274843
"TACTN",0.00393615780420087
"TACNA",0.00264724565441898
"TACNC",0.00343270688040292
"TACNG",0.00249631502802543
"TACNT",0.00264561941172817
"TACNN",0.00280547174364388
"TAGAA",0.00208050287820764
"TAGAC",0.00053330538067405
"TAGAG",0.000479540582945994
"TAGAT",0.00258343768048011
"TAGAN",0.00141919663057695
"TAGCA",0.00648356920944354
"TAGCC",0.00180721115345082
"TAGCG",0.00199455696363074
"TAGCT",0.00804790314488335
"TAGCN",0.00458331011785211
"TAGGA",0.00160642989496953
"TAGGC",0.000204642389951854
"TAGGG",0.000467119823939152
"TAGGT",0.00142313930033914
"TAGGN",0.000925332852299919
"TAGTA",0.00580314364791175
"TAGTC",0.000490577563122939
"TAGTG",0.00201491425656435
"TAGTT",0.00390801625517812
"TAGTN",0.00305416293069429
"TAGNA",0.00399341140763312
"TAGNC",0.000758934121799915
"TAGNG",0.00123903290677006
"TAGNT",0.00399062409522018
"TAGNN",0.00249550063285582
"TATAA",0.00013266644727838
"TATAC",0.000232831271219018
"TATAG",0.000637062988707377
"TATAT",0.000719439146407356
"TATAN",0.000430499963403032
"TATCA",0.000219102387129929
"TATCC",0.0001471065602633
"TATCG",0.000212085039000914
"TATCT",0.000258440274823628
"TATCN",0.000209183565304443
"TATGA",0.000231883745345974
"TATGC",0.000510352391744002
"TATGG",0.000216166593275665
"TATGT",0.000361326109313639
"TATGN",0.00032993220991982
"TATTA",0.000319788754116391
"TATTC",0.00034289720849752
"TATTG",0.000344021607320271
"TATTT",0.00041184319068173
"TATTN",0.000354637690153978
"TATNA",0.000225860333467668
"TATNC",0.00030829685793096
"TATNG",0.000352334057076057
"TATNT",0.000437762180306588
"TATNN",0.000331063357195318
"TANAA",NA
"TANAC",NA
"TANAG",NA
"TANAT",NA
"TANAN",NA
"TANCA",NA
"TANCC",NA
"TANCG",NA
"TANCT",NA
"TANCN",NA
"TANGA",NA
"TANGC",NA
"TANGG",NA
"TANGT",NA
"TANGN",NA
"TANTA",NA
"TANTC",NA
"TANTG",NA
"TANTT",NA
"TANTN",NA
"TANNA",NA
"TANNC",NA
"TANNG",NA
"TANNT",NA
"TANNN",NA
"TCAAA",0.000163615870873089
"TCAAC",0.00018253402566828
"TCAAG",0.000313226197601673
"TCAAT",0.000340812181706765
"TCAAN",0.000250047068962452
"TCACA",0.00040586027664208
"TCACC",0.000475598908183531
"TCACG",0.000496461021842441
"TCACT",0.000434383678423753
"TCACN",0.000453075971272951
"TCAGA",0.000279074244264808
"TCAGC",0.000302180841652437
"TCAGG",0.000246844225738295
"TCAGT",0.000326651620890687
"TCAGN",0.000288687733136557
"TCATA",0.000318151868648863
"TCATC",0.000273977775946712
"TCATG",0.000304599251839649
"TCATT",0.000577306825304797
"TCATN",0.000368508930435005
"TCANA",0.00029167556510721
"TCANC",0.00030857288786274
"TCANG",0.000340282674255514
"TCANT",0.000419788576581501
"TCANN",0.000340079925951741
"TCCAA",0.000462980018417148
"TCCAC",0.000590485218204426
"TCCAG",0.000315710839511773
"TCCAT",0.000185110015768824
"TCCAN",0.000388571522975543
"TCCCA",0.000515194750581511
"TCCCC",0.000543765508099556
"TCCCG",0.000381318735832574
"TCCCT",0.000292405050855151
"TCCCN",0.000433171011342198
"TCCGA",0.00049017669981656
"TCCGC",0.00043027236077549
"TCCGG",0.000513200908648742
"TCCGT",0.000551755324966061
"TCCGN",0.000496351323551713
"TCCTA",0.00056645081527286
"TCCTC",0.000949513909337171
"TCCTG",0.000640378129437536
"TCCTT",0.00051290289130203
"TCCTN",0.000667311436337399
"TCCNA",0.00050870057102202
"TCCNC",0.00062850924910416
"TCCNG",0.000462652153357656
"TCCNT",0.000385543320723017
"TCCNN",0.000496351323551713
"TCGAA",0.00110037973682411
"TCGAC",0.000362929055197859
"TCGAG",0.000586499537910301
"TCGAT",0.00127020519842662
"TCGAN",0.000830003382089721
"TCGCA",0.00447887022179845
"TCGCC",0.00112623591211028
"TCGCG",0.00117970731475046
"TCGCT",0.000902431160052291
"TCGCN",0.00192181115217787
"TCGGA",0.000182108723778036
"TCGGC",0.000214253383099912
"TCGGG",0.000219833983927557
"TCGGT",0.000327413355457873
"TCGGN",0.000235902361565845
"TCGTA",0.00499231177432147
"TCGTC",0.000161103911959022
"TCGTG",0.00190861199507588
"TCGTT",0.00105834964696883
"TCGTN",0.0020300943320813
"TCGNA",0.00268841761418052
"TCGNC",0.000466130565591768
"TCGNG",0.00097366320791605
"TCGNT",0.000889599840226404
"TCGNN",0.00125445280697868
"TCTAA",0.000110315147662283
"TCTAC",0.0005983348980158
"TCTAG",0.000926340131197279
"TCTAT",0.000362845147056855
"TCTAN",0.000499458830983054
"TCTCA",0.000159639348896773
"TCTCC",0.000254255787794496
"TCTCG",0.000190195425486915
"TCTCT",0.000216061899825334
"TCTCN",0.00020503811550088
"TCTGA",0.000101536363400768
"TCTGC",6.33266342426511e-05
"TCTGG",0.000204850884005282
"TCTGT",0.000124596382368628
"TCTGN",0.000123577566004332
"TCTTA",0.000254003490952212
"TCTTC",9.83482795086776e-05
"TCTTG",0.000485484347417486
"TCTTT",0.000176459788564959
"TCTTN",0.000253573976610834
"TCTNA",0.000156373587728009
"TCTNC",0.000253566399890406
"TCTNG",0.000451717697026741
"TCTNT",0.000219990804453944
"TCTNN",0.000270412122274775
"TCNAA",NA
"TCNAC",NA
"TCNAG",NA
"TCNAT",NA
"TCNAN",NA
"TCNCA",NA
"TCNCC",NA
"TCNCG",NA
"TCNCT",NA
"TCNCN",NA
"TCNGA",NA
"TCNGC",NA
"TCNGG",NA
"TCNGT",NA
"TCNGN",NA
"TCNTA",NA
"TCNTC",NA
"TCNTG",NA
"TCNTT",NA
"TCNTN",NA
"TCNNA",NA
"TCNNC",NA
"TCNNG",NA
"TCNNT",NA
"TCNNN",NA
"TGAAA",0.000264643787447756
"TGAAC",0.00018253973754369
"TGAAG",0.000284722760024609
"TGAAT",0.000318103445359438
"TGAAN",0.000262502432593873
"TGACA",0.000307666353886467
"TGACC",0.000231394627927002
"TGACG",0.000257786535679095
"TGACT",0.000463018070409727
"TGACN",0.000314966396975573
"TGAGA",0.00012818708050536
"TGAGC",0.000322871691361575
"TGAGG",0.00029550959624006
"TGAGT",0.000257713390139468
"TGAGN",0.000251070439561616
"TGATA",0.000369242021815131
"TGATC",0.000451251016533483
"TGATG",0.000458229765726079
"TGATT",0.000543854105651141
"TGATN",0.000455644227431459
"TGANA",0.000267434810913679
"TGANC",0.000297014268341438
"TGANG",0.000324062164417461
"TGANT",0.000395672252889944
"TGANN",0.00032104587414063
"TGCAA",0.0024071177141686
"TGCAC",0.00325143779487159
"TGCAG",0.00134260447770879
"TGCAT",0.000947590775289298
"TGCAN",0.00198718769050957
"TGCCA",0.00191194257260923
"TGCCC",0.000839372021852424
"TGCCG",0.000761215721764073
"TGCCT",0.000842523521744538
"TGCCN",0.00108876345949257
"TGCGA",0.00225766349236386
"TGCGC",0.0022092426923279
"TGCGG",0.00270694725293323
"TGCGT",0.00239875672927118
"TGCGN",0.00239315254172404
"TGCTA",0.0040797987826359
"TGCTC",0.00474383645301342
"TGCTG",0.00225148502481662
"TGCTT",0.00533890564021403
"TGCTN",0.00410350647516999
"TGCNA",0.0026641306404444
"TGCNC",0.00276097224051633
"TGCNG",0.00176556311930568
"TGCNT",0.00238194416662976
"TGCNN",0.00239315254172404
"TGGAA",0.00086122512545621
"TGGAC",0.000101444474448791
"TGGAG",0.000236645556632159
"TGGAT",0.000810760449525614
"TGGAN",0.000502518901515694
"TGGCA",0.00201740334678028
"TGGCC",0.000421266749197121
"TGGCG",0.00142663588764671
"TGGCT",0.00292889600217878
"TGGCN",0.00169855049645072
"TGGGA",0.00047471695458583
"TGGGC",0.000178247718452811
"TGGGG",0.000252287683151408
"TGGGT",0.000358435248544596
"TGGGN",0.000315921901183661
"TGGTA",0.00340977076021523
"TGGTC",0.000524846481550913
"TGGTG",0.00191663471239823
"TGGTT",0.002822225062183
"TGGTN",0.00216836925408684
"TGGNA",0.00169077904675939
"TGGNC",0.000306451355912409
"TGGNG",0.000958050959957127
"TGGNT",0.001730079190608
"TGGNN",0.00117134013830923
"TGTAA",0.000222511103368637
"TGTAC",0.000499539884905202
"TGTAG",0.000271161103731578
"TGTAT",0.000599096716098691
"TGTAN",0.000398077202026027
"TGTCA",0.000117306909384595
"TGTCC",0.000108659729534698
"TGTCG",6.67719303375037e-05
"TGTCT",0.000184269498404689
"TGTCN",0.000119252016915371
"TGTGA",0.000187012365702022
"TGTGC",0.000163220391951117
"TGTGG",9.20219856337786e-05
"TGTGT",3.23516257645929e-05
"TGTGN",0.000118651592262878
"TGTTA",0.000341547407601571
"TGTTC",0.000201083724664317
"TGTTG",0.000268461839588304
"TGTTT",0.000440190482592459
"TGTTN",0.000312820863611663
"TGTNA",0.000217094446514206
"TGTNC",0.000243125932763833
"TGTNG",0.000174604214822791
"TGTNT",0.000313977080715108
"TGTNN",0.000237200418703985
"TGNAA",NA
"TGNAC",NA
"TGNAG",NA
"TGNAT",NA
"TGNAN",NA
"TGNCA",NA
"TGNCC",NA
"TGNCG",NA
"TGNCT",NA
"TGNCN",NA
"TGNGA",NA
"TGNGC",NA
"TGNGG",NA
"TGNGT",NA
"TGNGN",NA
"TGNTA",NA
"TGNTC",NA
"TGNTG",NA
"TGNTT",NA
"TGNTN",NA
"TGNNA",NA
"TGNNC",NA
"TGNNG",NA
"TGNNT",NA
"TGNNN",NA
"TTAAA",0.00069821886752882
"TTAAC",0.00134473647853308
"TTAAG",0.00181668185973854
"TTAAT",0.00105494022517522
"TTAAN",0.00122864435774391
"TTACA",0.00135819623592967
"TTACC",0.000789504941954942
"TTACG",0.00133420592049214
"TTACT",0.00110378179831485
"TTACN",0.0011464222241729
"TTAGA",0.00104035338805766
"TTAGC",0.000580423396534047
"TTAGG",0.00108224981366492
"TTAGT",0.00154899543923253
"TTAGN",0.00106300550937229
"TTATA",0.000773926283146641
"TTATC",0.00184832840000523
"TTATG",0.00148928787056909
"TTATT",0.00134633141422721
"TTATN",0.00136446849198704
"TTANA",0.000967673693665698
"TTANC",0.00114074830425683
"TTANG",0.00143060636611617
"TTANT",0.00126351221923745
"TTANN",0.00120063514581904
"TTCAA",0.000213589594467098
"TTCAC",0.000581197284749043
"TTCAG",0.000447742333411104
"TTCAT",0.000221969331428251
"TTCAN",0.000366124636013874
"TTCCA",0.000536930979464142
"TTCCC",0.00117382882741146
"TTCCG",0.000509606277360111
"TTCCT",0.000597061769906598
"TTCCN",0.000704356963535578
"TTCGA",0.000652299777283104
"TTCGC",0.000485326641579703
"TTCGG",0.000597465157354148
"TTCGT",0.000585737982109681
"TTCGN",0.000580207389581659
"TTCTA",0.000601256254836023
"TTCTC",0.000816606188977654
"TTCTG",0.000741455199951786
"TTCTT",0.00063853728242894
"TTCTN",0.000699463731548601
"TTCNA",0.000501019151512592
"TTCNC",0.000764239735679465
"TTCNG",0.000574067242019287
"TTCNT",0.000510826591468367
"TTCNN",0.000587538180169928
"TTGAA",0.000544862550890011
"TTGAC",0.000441306766618441
"TTGAG",0.000597694619046931
"TTGAT",0.00114486361620526
"TTGAN",0.000682181888190161
"TTGCA",0.00334666159944925
"TTGCC",0.000546179095673526
"TTGCG",0.00117970731475046
"TTGCT",0.0026661714827644
"TTGCN",0.00193467987315941
"TTGGA",0.00081947934805253
"TTGGC",5.89906761138373e-05
"TTGGG",0.000103878816673015
"TTGGT",0.00113243313555343
"TTGGN",0.000528695494098204
"TTGTA",0.00390950263226933
"TTGTC",0.000351649498538783
"TTGTG",0.000714832175063306
"TTGTT",0.00266630360675673
"TTGTN",0.00191057197815704
"TTGNA",0.00215512653266528
"TTGNC",0.000349531509236147
"TTGNG",0.000649028231383428
"TTGNT",0.00190244296031996
"TTGNN",0.0012640323084012
"TTTAA",0.000395461137859079
"TTTAC",0.000431579360235285
"TTTAG",0.000416959302705546
"TTTAT",0.000641990068523283
"TTTAN",0.000471497467330798
"TTTCA",0.000306005217666474
"TTTCC",0.000179240095664189
"TTTCG",0.000234067329974614
"TTTCT",0.000158176277025728
"TTTCN",0.000219372230082752
"TTTGA",0.000231203374204564
"TTTGC",0.000311872301659951
"TTTGG",0.000196614620432827
"TTTGT",0.000164958928693861
"TTTGN",0.000226162306247801
"TTTTA",0.000294446635261232
"TTTTC",0.000345901786819582
"TTTTG",0.000212739893094453
"TTTTT",0.000499859018008286
"TTTTN",0.000338236833295888
"TTTNA",0.000306779091247838
"TTTNC",0.000317148386094752
"TTTNG",0.00026509528655186
"TTTNT",0.000366246073062789
"TTTNN",0.00031381720923931
"TTNAA",NA
"TTNAC",NA
"TTNAG",NA
"TTNAT",NA
"TTNAN",NA
"TTNCA",NA
"TTNCC",NA
"TTNCG",NA
"TTNCT",NA
"TTNCN",NA
"TTNGA",NA
"TTNGC",NA
"TTNGG",NA
"TTNGT",NA
"TTNGN",NA
"TTNTA",NA
"TTNTC",NA
"TTNTG",NA
"TTNTT",NA
"TTNTN",NA
"TTNNA",NA
"TTNNC",NA
"TTNNG",NA
"TTNNT",NA
"TTNNN",NA
"TNAAA",0.000591575561779315
"TNAAC",0.000553858415842609
"TNAAG",0.000696008921176996
"TNAAT",0.000659243489118569
"TNAAN",0.000625171596979372
"TNACA",0.000614840898445171
"TNACC",0.000520514907455128
"TNACG",0.000702242906367072
"TNACT",0.000655838003056132
"TNACN",0.000623359178830876
"TNAGA",0.00047091838848642
"TNAGC",0.000488410438126413
"TNAGG",0.000974728706936194
"TNAGT",0.000613704683889622
"TNAGN",0.000636940554359662
"TNATA",0.000441409004602065
"TNATC",0.000894486406773093
"TNATG",0.00081938151902863
"TNATT",0.00075793111182738
"TNATN",0.000728302010557792
"TNANA",0.000529685963328243
"TNANC",0.000614317542049311
"TNANG",0.000798090513377223
"TNANT",0.000671679321972926
"TNANN",0.000653443335181926
"TNCAA",0.00108542143403362
"TNCAC",0.00172605475911592
"TNCAG",0.00113849274525069
"TNCAT",0.000879921038089782
"TNCAN",0.0012074724941225
"TNCCA",0.00156396057958178
"TNCCC",0.00129850405097672
"TNCCG",0.000818084245011514
"TNCCT",0.000860197577546068
"TNCCN",0.00113518661327902
"TNCGA",0.00156890796863485
"TNCGC",0.0014860656810611
"TNCGG",0.00169483782405922
"TNCGT",0.0016031678057401
"TNCGN",0.00158824481987382
"TNCTA",0.00210280603514774
"TNCTC",0.00307580361454914
"TNCTG",0.00164718272838662
"TNCTT",0.00258064706917336
"TNCTN",0.00235160986181422
"TNCNA",0.0015802740043495
"TNCNC",0.00189660702642572
"TNCNG",0.00132464938567701
"TNCNT",0.00148098337263733
"TNCNN",0.00157062844727239
"TNGAA",0.00114674257284449
"TNGAC",0.000359746419234785
"TNGAG",0.000475095074133846
"TNGAT",0.0014523167361594
"TNGAN",0.000858475200593131
"TNGCA",0.00408162609436788
"TNGCC",0.000975223227607935
"TNGCG",0.00144515187019459
"TNGCT",0.0036363504474697
"TNGCN",0.00253458790991003
"TNGGA",0.000770683730346481
"TNGGC",0.000164033541904604
"TNGGG",0.000260780076922783
"TNGGT",0.000810355259973762
"TNGGN",0.000501463152286907
"TNGTA",0.00452868220367944
"TNGTC",0.000382044363792914
"TNGTG",0.00163874828477544
"TNGTT",0.00261372364277167
"TNGTN",0.00229079962375487
"TNGNA",0.00263193365030957
"TNGNC",0.00047026188813506
"TNGNG",0.000954943826506666
"TNGNT",0.00212818652159363
"TNGNN",0.00154633147163623
"TNTAA",0.000215238459042095
"TNTAC",0.000440571353593826
"TNTAG",0.000562880881585445
"TNTAT",0.000580842769521546
"TNTAN",0.000449883365935728
"TNTCA",0.000200513465769443
"TNTCC",0.000172315543314171
"TNTCG",0.000175779931199987
"TNTCT",0.000204236987519844
"TNTCN",0.000188211481950861
"TNTGA",0.000187908962163332
"TNTGC",0.00026219292989943
"TNTGG",0.000177413520836888
"TNTGT",0.00017080826153518
"TNTGN",0.000199580918608708
"TNTTA",0.000302446571982852
"TNTTC",0.000247057749872524
"TNTTG",0.000327676921855128
"TNTTT",0.000382088119961858
"TNTTN",0.000314817340918091
"TNTNA",0.00022652686473943
"TNTNC",0.000280534394169988
"TNTNG",0.000310937813869362
"TNTNT",0.000334494034634607
"TNTNN",0.000288123276853347
"TNNAA",NA
"TNNAC",NA
"TNNAG",NA
"TNNAT",NA
"TNNAN",NA
"TNNCA",NA
"TNNCC",NA
"TNNCG",NA
"TNNCT",NA
"TNNCN",NA
"TNNGA",NA
"TNNGC",NA
"TNNGG",NA
"TNNGT",NA
"TNNGN",NA
"TNNTA",NA
"TNNTC",NA
"TNNTG",NA
"TNNTT",NA
"TNNTN",NA
"TNNNA",NA
"TNNNC",NA
"TNNNG",NA
"TNNNT",NA
"TNNNN",NA
"NAAAA",0.000813763029218177
"NAAAC",0.000716704085413558
"NAAAG",0.000695243027486517
"NAAAT",0.000757535827113059
"NAAAN",0.000745811492307828
"NAACA",0.000653989521566936
"NAACC",0.000722109056885055
"NAACG",0.000680686005607699
"NAACT",0.000643909839359311
"NAACN",0.00067517360585475
"NAAGA",0.000682715544167947
"NAAGC",0.000747928902199188
"NAAGG",0.00105304018589782
"NAAGT",0.000671684101685569
"NAAGN",0.00078884218348763
"NAATA",0.000745930069047094
"NAATC",0.0010909914898664
"NAATG",0.000997735697340622
"NAATT",0.00117525446972543
"NAATN",0.00100247793149489
"NAANA",0.000724099541000039
"NAANC",0.000819433383591051
"NAANG",0.000856676229083164
"NAANT",0.000812096059470842
"NAANN",0.000803076303286274
"NACAA",0.00110520135579935
"NACAC",0.0013303938686793
"NACAG",0.00146059258380299
"NACAT",0.00116030975329295
"NACAN",0.00126412439039365
"NACCA",0.00142203486513069
"NACCC",0.00183138160085839
"NACCG",0.00159141845930478
"NACCT",0.00103687152096044
"NACCN",0.00147042661156357
"NACGA",0.0016891181380569
"NACGC",0.00107402111063145
"NACGG",0.00183464579282014
"NACGT",0.00186776664911233
"NACGN",0.0016163879226552
"NACTA",0.00287948313751266
"NACTC",0.00327090968920008
"NACTG",0.00186594914198842
"NACTT",0.00239405431125803
"NACTN",0.00260259906998979
"NACNA",0.0017739593741249
"NACNC",0.00187667656734231
"NACNG",0.00168815149447908
"NACNT",0.00161475055865594
"NACNN",0.00173838449865056
"NAGAA",0.00156569568834647
"NAGAC",0.000650258814205604
"NAGAG",0.000658189936345297
"NAGAT",0.00221056307898572
"NAGAN",0.00127117687947077
"NAGCA",0.00669134821784849
"NAGCC",0.00132114318498824
"NAGCG",0.00138341972697053
"NAGCT",0.00725277894893282
"NAGCN",0.00416217251968502
"NAGGA",0.00175601130307354
"NAGGC",0.000217664189125208
"NAGGG",0.000250541027629826
"NAGGT",0.000776188559585075
"NAGGN",0.000750101269853413
"NAGTA",0.00636118170778415
"NAGTC",0.000572700345671415
"NAGTG",0.00224858525858583
"NAGTT",0.00586288331623033
"NAGTN",0.00376133765706793
"NAGNA",0.00409355922926316
"NAGNC",0.000690441633497616
"NAGNG",0.00113518398738287
"NAGNT",0.00402560347593348
"NAGNN",0.00248619708151928
"NATAA",0.000447043043269965
"NATAC",0.000637442871036447
"NATAG",0.000883166771852413
"NATAT",0.0010334336448685
"NATAN",0.000750271582756831
"NATCA",0.000251209920104922
"NATCC",0.00029564743131346
"NATCG",0.00023596170731391
"NATCT",0.000227167441403894
"NATCN",0.000252496625034047
"NATGA",0.000271541064937988
"NATGC",0.000400871838960044
"NATGG",0.000369849341535134
"NATGT",0.000251834458887936
"NATGN",0.000323524176080276
"NATTA",0.000477876281614588
"NATTC",0.000501300552861792
"NATTG",0.000449274356400847
"NATTT",0.00040515936150769
"NATTN",0.000458402638096229
"NATNA",0.000361917577481866
"NATNC",0.000458815673542936
"NATNG",0.000484563044275576
"NATNT",0.000479398726667005
"NATNN",0.000446173755491846
"NANAA",NA
"NANAC",NA
"NANAG",NA
"NANAT",NA
"NANAN",NA
"NANCA",NA
"NANCC",NA
"NANCG",NA
"NANCT",NA
"NANCN",NA
"NANGA",NA
"NANGC",NA
"NANGG",NA
"NANGT",NA
"NANGN",NA
"NANTA",NA
"NANTC",NA
"NANTG",NA
"NANTT",NA
"NANTN",NA
"NANNA",NA
"NANNC",NA
"NANNG",NA
"NANNT",NA
"NANNN",NA
"NCAAA",0.000221572455271287
"NCAAC",0.000275981029032858
"NCAAG",0.000434117948071837
"NCAAT",0.000385651557493221
"NCAAN",0.000329330747467301
"NCACA",0.000351476422721349
"NCACC",0.000611523755188819
"NCACG",0.000424271315735661
"NCACT",0.000482997837047665
"NCACN",0.000467567332673374
"NCAGA",0.000255529002263723
"NCAGC",0.000269129133778762
"NCAGG",0.000242560586120371
"NCAGT",0.00034834731312405
"NCAGN",0.000278891508821727
"NCATA",0.000266265761113666
"NCATC",0.000537179735471295
"NCATG",0.000719677084459639
"NCATT",0.000860558331888326
"NCATN",0.000595920228233231
"NCANA",0.000273710910342506
"NCANC",0.000423453413367933
"NCANG",0.000455156733596877
"NCANT",0.000519388759888316
"NCANN",0.000417927454298908
"NCCAA",0.000477293954481735
"NCCAC",0.000356392917988028
"NCCAG",0.000374464771442496
"NCCAT",0.000191180500094675
"NCCAN",0.000349833036001733
"NCCCA",0.000229961307684057
"NCCCC",0.000445946363363895
"NCCCG",0.000303357207702275
"NCCCT",0.000232304640274248
"NCCCN",0.000302892379756119
"NCCGA",0.00030467316279966
"NCCGC",0.000334950894988109
"NCCGG",0.000401715150032462
"NCCGT",0.000361577093795469
"NCCGN",0.000350729075403925
"NCCTA",0.000458661031059491
"NCCTC",0.000579235980624373
"NCCTG",0.000381720369491864
"NCCTT",0.000390771529434223
"NCCTN",0.000452597227652488
"NCCNA",0.000367647364006236
"NCCNC",0.000429131539241101
"NCCNG",0.000365314374667274
"NCCNT",0.000293958440899654
"NCCNN",0.000364012929703566
"NCGAA",0.000693162602623975
"NCGAC",0.0003618858705238
"NCGAG",0.00053606943313488
"NCGAT",0.00114352839981921
"NCGAN",0.000683661576525466
"NCGCA",0.00434645551265493
"NCGCC",0.000986680373858467
"NCGCG",0.00143794307440808
"NCGCT",0.00285346106832449
"NCGCN",0.00240613500731149
"NCGGA",0.00064462752590718
"NCGGC",0.000232293467716784
"NCGGG",0.000236443071675516
"NCGGT",0.000584206009612994
"NCGGN",0.000424392518728118
"NCGTA",0.00483776858410746
"NCGTC",0.000327502531310319
"NCGTG",0.00119202147913028
"NCGTT",0.00286363973897935
"NCGTN",0.00230523308338185
"NCGNA",0.00263050355632339
"NCGNC",0.000477090560852342
"NCGNG",0.000850619264587188
"NCGNT",0.00186120880418401
"NCGNN",0.00145485554648673
"NCTAA",0.000173999009884182
"NCTAC",0.000608032486655086
"NCTAG",0.000536266782591038
"NCTAT",0.000440500319162374
"NCTAN",0.00043969964957317
"NCTCA",0.000139721819561466
"NCTCC",0.000250652084692361
"NCTCG",0.000187369807068843
"NCTCT",0.000243916194678275
"NCTCN",0.000205414976500236
"NCTGA",0.00013500169123265
"NCTGC",0.000151516664264718
"NCTGG",0.000157320337328263
"NCTGT",0.000109713775825923
"NCTGN",0.000138388117162888
"NCTTA",0.000286084794518818
"NCTTC",0.000280915503041534
"NCTTG",0.000299973807203949
"NCTTT",0.000255182058002016
"NCTTN",0.000280539040691579
"NCTNA",0.000183701828799279
"NCTNC",0.000322779184663425
"NCTNG",0.000295232683548023
"NCTNT",0.000262328086917147
"NCTNN",0.000266010445981968
"NCNAA",NA
"NCNAC",NA
"NCNAG",NA
"NCNAT",NA
"NCNAN",NA
"NCNCA",NA
"NCNCC",NA
"NCNCG",NA
"NCNCT",NA
"NCNCN",NA
"NCNGA",NA
"NCNGC",NA
"NCNGG",NA
"NCNGT",NA
"NCNGN",NA
"NCNTA",NA
"NCNTC",NA
"NCNTG",NA
"NCNTT",NA
"NCNTN",NA
"NCNNA",NA
"NCNNC",NA
"NCNNG",NA
"NCNNT",NA
"NCNNN",NA
"NGAAA",0.000266771527297867
"NGAAC",0.000315222119106385
"NGAAG",0.000288867534559718
"NGAAT",0.000218494564869656
"NGAAN",0.000272338936458407
"NGACA",0.000320902250622987
"NGACC",0.000232528914115255
"NGACG",0.000306683142154118
"NGACT",0.000304832371768989
"NGACN",0.000291236669665337
"NGAGA",0.0002336962303003
"NGAGC",0.000345922470177289
"NGAGG",0.000506390429872429
"NGAGT",0.000263605566391294
"NGAGN",0.000337403674185328
"NGATA",0.000428920866775432
"NGATC",0.00057482769439191
"NGATG",0.000516027885247545
"NGATT",0.000489381367899579
"NGATN",0.000502289453578616
"NGANA",0.000312572718749147
"NGANC",0.00036712529944771
"NGANG",0.000404492247958453
"NGANT",0.00031907846773238
"NGANN",0.000350817183471922
"NGCAA",0.00149194552073613
"NGCAC",0.00197677642751204
"NGCAG",0.0012437452113894
"NGCAT",0.00115390453385187
"NGCAN",0.00146659292337236
"NGCCA",0.0015195857561113
"NGCCC",0.00135705590590305
"NGCCG",0.000900881984871894
"NGCCT",0.00104089954253665
"NGCCN",0.00120460579735572
"NGCGA",0.00171298163302276
"NGCGC",0.00110114038229839
"NGCGG",0.00206043027051602
"NGCGT",0.00139455887318969
"NGCGN",0.00156727778975672
"NGCTA",0.00286863052155277
"NGCTC",0.0036583970731481
"NGCTG",0.00167785261045822
"NGCTT",0.00309710097172559
"NGCTN",0.00282549529422117
"NGCNA",0.00189828585785574
"NGCNC",0.0020233424472154
"NGCNG",0.00147072751930888
"NGCNT",0.00167161598032595
"NGCNN",0.00176599295117649
"NGGAA",0.00110060166321503
"NGGAC",0.000249521197817104
"NGGAG",0.000451116724022219
"NGGAT",0.000717129688106929
"NGGAN",0.00062959231829032
"NGGCA",0.00332702608705421
"NGGCC",0.000728015330849428
"NGGCG",0.00127798048115894
"NGGCT",0.00338354822946131
"NGGCN",0.00217914253213097
"NGGGA",0.000580847738847497
"NGGGC",0.000271602158954879
"NGGGG",0.000217075075490859
"NGGGT",0.000644324629838145
"NGGGN",0.000428462400782845
"NGGTA",0.00441418007864508
"NGGTC",0.000477010435361432
"NGGTG",0.0022326879881713
"NGGTT",0.0036848259479204
"NGGTN",0.00270217611252455
"NGGNA",0.00235566389194045
"NGGNC",0.000431537280745711
"NGGNG",0.00104471506721083
"NGGNT",0.0021074571238317
"NGGNN",0.00148484334093217
"NGTAA",0.00040837450299478
"NGTAC",0.000565495570298431
"NGTAG",0.000536462540363643
"NGTAT",0.000595237277085628
"NGTAN",0.000526392472685621
"NGTCA",0.000170048197909255
"NGTCC",0.000188578976906227
"NGTCG",0.000153004519155768
"NGTCT",0.000202018544450289
"NGTCN",0.000178412559605385
"NGTGA",0.000195336243337447
"NGTGC",0.000242832171204772
"NGTGG",0.000199302467889166
"NGTGT",0.000148688695937304
"NGTGN",0.000196539894592172
"NGTTA",0.000269189088430763
"NGTTC",0.000428921861372444
"NGTTG",0.000467260379614186
"NGTTT",0.00054635804445367
"NGTTN",0.000427932343467765
"NGTNA",0.000260737008168061
"NGTNC",0.000356457144945469
"NGTNG",0.000339007476755691
"NGTNT",0.000373075640481723
"NGTNN",0.000332319317587736
"NGNAA",NA
"NGNAC",NA
"NGNAG",NA
"NGNAT",NA
"NGNAN",NA
"NGNCA",NA
"NGNCC",NA
"NGNCG",NA
"NGNCT",NA
"NGNCN",NA
"NGNGA",NA
"NGNGC",NA
"NGNGG",NA
"NGNGT",NA
"NGNGN",NA
"NGNTA",NA
"NGNTC",NA
"NGNTG",NA
"NGNTT",NA
"NGNTN",NA
"NGNNA",NA
"NGNNC",NA
"NGNNG",NA
"NGNNT",NA
"NGNNN",NA
"NTAAA",0.00104084348052782
"NTAAC",0.0015936742365705
"NTAAG",0.00125685668192801
"NTAAT",0.00137616129216115
"NTAAN",0.00131688392279687
"NTACA",0.001179431852984
"NTACC",0.00143271152568368
"NTACG",0.00117384537956058
"NTACT",0.0012026906864895
"NTACN",0.00124716986117944
"NTAGA",0.00134086927904861
"NTAGC",0.000819663940229817
"NTAGG",0.00139338988133314
"NTAGT",0.0010669719174237
"NTAGN",0.00115522375450881
"NTATA",0.00126390996971417
"NTATC",0.00210400584156823
"NTATG",0.00200940522856937
"NTATT",0.00212281922365563
"NTATN",0.00187503506587685
"NTANA",0.00120626364556865
"NTANC",0.00148751388601305
"NTANG",0.00145837429284778
"NTANT",0.00144216077993249
"NTANN",0.00139857815109049
"NTCAA",0.000496618954889831
"NTCAC",0.000507047028852455
"NTCAG",0.000540087998069929
"NTCAT",0.000254201524063197
"NTCAN",0.000449488876468853
"NTCCA",0.000488348080261791
"NTCCC",0.000698715021445683
"NTCCG",0.000536660655673852
"NTCCT",0.000282428490836883
"NTCCN",0.000501538062054552
"NTCGA",0.00059074413676128
"NTCGC",0.000302145204732874
"NTCGG",0.000324662041979405
"NTCGT",0.000549779924011628
"NTCGN",0.000441832826871297
"NTCTA",0.000684222985184562
"NTCTC",0.0012049330862315
"NTCTG",0.000524251362591724
"NTCTT",0.000716550595457164
"NTCTN",0.000782489507366238
"NTCNA",0.000564983539274366
"NTCNC",0.000678210085315629
"NTCNG",0.000481415514578728
"NTCNT",0.000450740133592218
"NTCNN",0.000543837318190235
"NTGAA",0.000702531182239116
"NTGAC",0.000206341714189796
"NTGAG",0.000573054067528468
"NTGAT",0.00106503436591998
"NTGAN",0.000636740332469341
"NTGCA",0.00302099223306209
"NTGCC",0.00122312373922306
"NTGCG",0.00143794307440808
"NTGCT",0.00322322420665722
"NTGCN",0.00222632081333761
"NTGGA",0.000687207836421462
"NTGGC",8.54945306021264e-05
"NTGGG",0.000238994237340758
"NTGGT",0.000904933788117447
"NTGGN",0.000479157598120448
"NTGTA",0.00373794396589315
"NTGTC",0.000314490483745232
"NTGTG",0.00089253752881055
"NTGTT",0.00406942565882733
"NTGTN",0.00225359940931907
"NTGNA",0.00203716880440395
"NTGNC",0.000457362616940053
"NTGNG",0.000785632227021963
"NTGNT",0.0023156545048805
"NTGNN",0.00139895453831162
"NTTAA",0.000324338379455895
"NTTAC",0.00084135587160788
"NTTAG",0.000484543920635984
"NTTAT",0.000888027504105425
"NTTAN",0.000634566418951296
"NTTCA",0.000264288856752914
"NTTCC",0.000231138749505205
"NTTCG",0.000213822382428663
"NTTCT",0.00019207928377386
"NTTCN",0.000225332318115161
"NTTGA",0.00022041366870561
"NTTGC",0.000193127293740917
"NTTGG",0.000330076353936253
"NTTGT",0.000159385842383953
"NTTGN",0.000225750789691683
"NTTTA",0.00031812864423246
"NTTTC",0.000550563698454315
"NTTTG",0.000331963798544871
"NTTTT",0.000425052692858969
"NTTTN",0.000406427208522654
"NTTNA",0.00028179238728672
"NTTNC",0.000454046403327079
"NTTNG",0.000340101613886443
"NTTNT",0.000416136330780552
"NTTNN",0.000373019183820198
"NTNAA",NA
"NTNAC",NA
"NTNAG",NA
"NTNAT",NA
"NTNAN",NA
"NTNCA",NA
"NTNCC",NA
"NTNCG",NA
"NTNCT",NA
"NTNCN",NA
"NTNGA",NA
"NTNGC",NA
"NTNGG",NA
"NTNGT",NA
"NTNGN",NA
"NTNTA",NA
"NTNTC",NA
"NTNTG",NA
"NTNTT",NA
"NTNTN",NA
"NTNNA",NA
"NTNNC",NA
"NTNNG",NA
"NTNNT",NA
"NTNNN",NA
"NNAAA",0.000585737623078787
"NNAAC",0.000725395367530825
"NNAAG",0.000668771298011521
"NNAAT",0.000684460810409271
"NNAAN",0.000666091274757601
"NNACA",0.000626450011973819
"NNACC",0.000749718312968201
"NNACG",0.000646371460764516
"NNACT",0.000658607683666367
"NNACN",0.000670286867343226
"NNAGA",0.000628202513945145
"NNAGC",0.000545661111596264
"NNAGG",0.000798845270805939
"NNAGT",0.000587652224656152
"NNAGN",0.000640090280250875
"NNATA",0.00067625666666259
"NNATC",0.00107675119032446
"NNATG",0.00106071147390429
"NNATT",0.00116200334829224
"NNATN",0.000993930669795896
"NNANA",0.000629161703915085
"NNANC",0.000774381495604937
"NNANG",0.000793674875871567
"NNANT",0.000773181016756008
"NNANN",0.000742599773036899
"NNCAA",0.00089276494647676
"NNCAC",0.00104265256075796
"NNCAG",0.000904722641176203
"NNCAT",0.000689899077825675
"NNCAN",0.000882509806559149
"NNCCA",0.00091498250229696
"NNCCC",0.00108327472289275
"NNCCG",0.0008330795768882
"NNCCT",0.000648126048652055
"NNCCN",0.000869865712682492
"NNCGA",0.00107437926766015
"NNCGC",0.000703064398162706
"NNCGG",0.00115536331383701
"NNCGT",0.00104342063502728
"NNCGN",0.000994056903671786
"NNCTA",0.00172274941882737
"NNCTC",0.00217836895730101
"NNCTG",0.00111244337113256
"NNCTT",0.00164961935196875
"NNCTN",0.00166579527480742
"NNCNA",0.00115121903381531
"NNCNC",0.00125184015977861
"NNCNG",0.00100140222575849
"NNCNT",0.00100776627836844
"NNCNN",0.00110305692443021
"NNGAA",0.00101549778410615
"NNGAC",0.000367001899184076
"NNGAG",0.000554607540257716
"NNGAT",0.00128406388320796
"NNGAN",0.000805292776688975
"NNGCA",0.00434645551265493
"NNGCC",0.0010647406572298
"NNGCG",0.00138432158923641
"NNGCT",0.00417825311334396
"NNGCN",0.00274344271811627
"NNGGA",0.00091717360106242
"NNGGC",0.000201763586599749
"NNGGG",0.00023576335303424
"NNGGT",0.000727413246788416
"NNGGN",0.000520528446871206
"NNGTA",0.00483776858410746
"NNGTC",0.0004229259490221
"NNGTG",0.00164145806367449
"NNGTT",0.00412019366548935
"NNGTN",0.00275558656557335
"NNGNA",0.00277922387048274
"NNGNC",0.000514108023008931
"NNGNG",0.000954037636550712
"NNGNT",0.00257748097720742
"NNGNN",0.00170621262681245
"NNTAA",0.000338438733901205
"NNTAC",0.000663081699899461
"NNTAG",0.000610110003860769
"NNTAT",0.000739299686305482
"NNTAN",0.000587732530991729
"NNTCA",0.000206317198582139
"NNTCC",0.000241504310604313
"NNTCG",0.000197539603991796
"NNTCT",0.00021629536607658
"NNTCN",0.000215414119813707
"NNTGA",0.000205573167053423
"NNTGC",0.000247086992042613
"NNTGG",0.000264137125172204
"NNTGT",0.000167405693258779
"NNTGN",0.000221050744381755
"NNTTA",0.000337819702199157
"NNTTC",0.000440425403932521
"NNTTG",0.000387118085440963
"NNTTT",0.000407938039205586
"NNTTN",0.000393325307694557
"NNTNA",0.000272037200433981
"NNTNC",0.000398024601619727
"NNTNG",0.000364726204616433
"NNTNT",0.000382734696211607
"NNTNN",0.000354380675720437
"NNNAA",NA
"NNNAC",NA
"NNNAG",NA
"NNNAT",NA
"NNNAN",NA
"NNNCA",NA
"NNNCC",NA
"NNNCG",NA
"NNNCT",NA
"NNNCN",NA
"NNNGA",NA
"NNNGC",NA
"NNNGG",NA
"NNNGT",NA
"NNNGN",NA
"NNNTA",NA
"NNNTC",NA
"NNNTG",NA
"NNNTT",NA
"NNNTN",NA
"NNNNA",NA
"NNNNC",NA
"NNNNG",NA
"NNNNT",NA
"NNNNN",NA
